-- phpMyAdmin SQL Dump
-- version 4.8.5
-- https://www.phpmyadmin.net/
--
-- Хост: 127.0.0.1:3306
-- Время создания: Окт 06 2020 г., 22:42
-- Версия сервера: 5.6.43
-- Версия PHP: 7.3.2

SET SQL_MODE = "NO_AUTO_VALUE_ON_ZERO";
SET AUTOCOMMIT = 0;
START TRANSACTION;
SET time_zone = "+00:00";


/*!40101 SET @OLD_CHARACTER_SET_CLIENT=@@CHARACTER_SET_CLIENT */;
/*!40101 SET @OLD_CHARACTER_SET_RESULTS=@@CHARACTER_SET_RESULTS */;
/*!40101 SET @OLD_COLLATION_CONNECTION=@@COLLATION_CONNECTION */;
/*!40101 SET NAMES utf8mb4 */;

--
-- База данных: `marker`
--

-- --------------------------------------------------------

--
-- Структура таблицы `bills`
--

CREATE TABLE `bills` (
  `bill_id` bigint(19) UNSIGNED NOT NULL,
  `company_id` bigint(19) UNSIGNED NOT NULL DEFAULT '0',
  `status` tinyint(1) NOT NULL DEFAULT '0',
  `number` varchar(255) NOT NULL DEFAULT '',
  `amount` bigint(19) UNSIGNED NOT NULL DEFAULT '0',
  `hidden` tinyint(1) UNSIGNED NOT NULL DEFAULT '0',
  `created` int(11) UNSIGNED NOT NULL DEFAULT '0',
  `paid` int(11) UNSIGNED NOT NULL DEFAULT '0'
) ENGINE=InnoDB DEFAULT CHARSET=utf8mb4;

--
-- Дамп данных таблицы `bills`
--

INSERT INTO `bills` (`bill_id`, `company_id`, `status`, `number`, `amount`, `hidden`, `created`, `paid`) VALUES
(1, 2, 0, '2020-00001', 500, 1, 1595881059, 0),
(2, 2, 0, '00002-2020', 10000, 1, 1595883959, 0),
(3, 2, 0, '00003-2020', 1000000, 1, 1595884043, 0),
(4, 2, 0, '2020-07-27-00004', 1000000, 1, 1595884155, 0),
(5, 2, 0, '2020-07-27-00005', 1000000, 0, 1595884172, 0),
(6, 2, 0, '2020-07-28-00006', 10000000, 0, 1595897134, 0),
(7, 2, 0, '2020-07-28-00007', 25000000, 0, 1595897200, 0),
(8, 2, 0, '2020-07-29-00008', 10000000, 0, 1596017219, 0),
(9, 2, 0, '2020-07-30-00009', 10000000, 0, 1596103343, 0),
(10, 2, 0, '2020-07-30-00010', 0, 1, 1596109388, 0),
(11, 2, 0, '2020-07-30-00011', 100000000, 0, 1596109607, 0),
(12, 2, 0, '2020-07-30-00012', 500000, 0, 1596109816, 0),
(13, 2, 0, '2020-07-30-00013', 100000, 0, 1596109822, 0),
(14, 2, 0, '2020-07-30-00014', 100000000, 0, 1596111839, 0);

-- --------------------------------------------------------

--
-- Структура таблицы `companies`
--

CREATE TABLE `companies` (
  `company_id` bigint(19) UNSIGNED NOT NULL,
  `type` tinyint(1) UNSIGNED NOT NULL DEFAULT '0',
  `title_full` varchar(255) NOT NULL DEFAULT '',
  `address` varchar(255) NOT NULL DEFAULT '',
  `address_lat` double(11,8) NOT NULL DEFAULT '0.00000000',
  `address_lng` double(11,8) NOT NULL DEFAULT '0.00000000',
  `inn` bigint(14) UNSIGNED NOT NULL DEFAULT '0',
  `kpp` bigint(14) UNSIGNED NOT NULL DEFAULT '0',
  `ogrn` varchar(14) NOT NULL DEFAULT '',
  `bank_title` varchar(255) NOT NULL DEFAULT '',
  `bank_code` varchar(255) NOT NULL DEFAULT '',
  `bank_cs` varchar(255) NOT NULL DEFAULT '',
  `bank_rs` varchar(255) NOT NULL DEFAULT '',
  `phone` bigint(14) UNSIGNED NOT NULL DEFAULT '0',
  `email` varchar(100) NOT NULL DEFAULT '',
  `balance` bigint(19) UNSIGNED NOT NULL DEFAULT '0',
  `print_id` tinyint(2) UNSIGNED NOT NULL DEFAULT '0',
  `pick_email` varchar(255) NOT NULL DEFAULT '',
  `pick_server` varchar(255) NOT NULL DEFAULT '',
  `show_home` tinyint(1) UNSIGNED NOT NULL DEFAULT '1',
  `show_passports` tinyint(1) UNSIGNED NOT NULL DEFAULT '1',
  `show_products` tinyint(1) UNSIGNED NOT NULL DEFAULT '1',
  `show_tasks` tinyint(1) UNSIGNED NOT NULL DEFAULT '1',
  `size_used` bigint(19) UNSIGNED NOT NULL DEFAULT '0',
  `size_total` bigint(19) UNSIGNED NOT NULL DEFAULT '0',
  `hidden` tinyint(1) UNSIGNED NOT NULL DEFAULT '0',
  `created` int(11) UNSIGNED NOT NULL DEFAULT '0'
) ENGINE=InnoDB DEFAULT CHARSET=utf8mb4;

--
-- Дамп данных таблицы `companies`
--

INSERT INTO `companies` (`company_id`, `type`, `title_full`, `address`, `address_lat`, `address_lng`, `inn`, `kpp`, `ogrn`, `bank_title`, `bank_code`, `bank_cs`, `bank_rs`, `phone`, `email`, `balance`, `print_id`, `pick_email`, `pick_server`, `show_home`, `show_passports`, `show_products`, `show_tasks`, `size_used`, `size_total`, `hidden`, `created`) VALUES
(1, 0, 'ООО \"НГ-Софт\"', 'г. Москва, проспект Вернадского, д. 41 стр. 1 этаж 5 пом. I, ком. 2', 0.00000000, 0.00000000, 9729293217, 772901001, '1207700009912', 'Филиал \"Корпоративный\" ПАО \"Совкомбанк\" Г МОСКВА', '044525360', '30101810445250000360', '40702810912030674919', 79037292175, 'info@ng-soft.ru', 0, 0, '', '', 1, 1, 1, 1, 0, 10737418240, 0, 1536060796),
(2, 1, 'ОАО \"Волгограднефтемаш\"', '400011, Волгоградская обл, город Волгоград, улица Электролесовская, 45', 48.65674500, 44.44887000, 3446003396, 344601001, '1023404238384', 'Филиал Банка ГПБ (АО) \"Южный\"', '040349781', '30101810500000000781', '40702810511070035233', 78442407356, 'office@vnm.ru', 12521000, 0, '', '', 1, 1, 0, 0, 3923417759, 10737418240, 0, 1595881059),
(3, 1, 'ООО \"Газпромнефть-Ямал\"', '629002, Ямало-Ненецкий автономный округ, г. Салехард, ул. Мира, д. 43А', 66.53100400, 66.64375000, 8901001822, 890101001, '1118903004989', '', '', '', '', 73492245067, 'gpn-yamal@tmn.gazprom-neft.ru', 0, 0, '', '', 1, 1, 1, 1, 0, 10737418240, 0, 1538085126),
(4, 1, 'ООО \"НефтеГазКомплект\"', 'Московская область, г. Реутов, ул.\r\nТранспортная, д. 4', 55.77212700, 37.87615900, 5041023341, 504101001, '1035008257580', '', '', '', '', 74957866811, 'info@ngkomplekt.ru', 0, 1, 'webmediaart@yandex.ru', '', 0, 1, 1, 0, 0, 10737418240, 0, 1587387258),
(5, 1, 'ООО «Терминал Ленаречтранс»', '666780, Иркутская область, г. Усть-Кут, ул. Зверева 212', 56.77665800, 105.70849000, 3818043360, 381801001, '1153850043412', '', '', '', '', 73956575430, 'office@lrt38.ru', 0, 0, '', '', 1, 1, 1, 1, 0, 10737418240, 0, 1588080016);

-- --------------------------------------------------------

--
-- Структура таблицы `contracts`
--

CREATE TABLE `contracts` (
  `contract_id` bigint(19) UNSIGNED NOT NULL,
  `company_id` bigint(19) UNSIGNED NOT NULL DEFAULT '0',
  `contract_title` varchar(255) NOT NULL DEFAULT '',
  `contract_date` int(11) UNSIGNED NOT NULL DEFAULT '0',
  `annex_number` int(11) UNSIGNED NOT NULL DEFAULT '0',
  `annex_date` int(11) UNSIGNED NOT NULL DEFAULT '0',
  `hidden` tinyint(1) UNSIGNED NOT NULL DEFAULT '0'
) ENGINE=InnoDB DEFAULT CHARSET=utf8mb4;

--
-- Дамп данных таблицы `contracts`
--

INSERT INTO `contracts` (`contract_id`, `company_id`, `contract_title`, `contract_date`, `annex_number`, `annex_date`, `hidden`) VALUES
(1, 2, 'ДП 30279_988', 1579046400, 1, 1579046400, 0);

-- --------------------------------------------------------

--
-- Структура таблицы `email_notifications`
--

CREATE TABLE `email_notifications` (
  `id` bigint(19) NOT NULL,
  `full_name` varchar(255) COLLATE utf8mb4_unicode_ci NOT NULL,
  `email` varchar(100) COLLATE utf8mb4_unicode_ci NOT NULL,
  `phone` bigint(14) NOT NULL,
  `company_title` varchar(255) COLLATE utf8mb4_unicode_ci NOT NULL,
  `comment` varchar(255) COLLATE utf8mb4_unicode_ci NOT NULL,
  `subscribe` varchar(3) COLLATE utf8mb4_unicode_ci NOT NULL,
  `created` int(11) NOT NULL
) ENGINE=InnoDB DEFAULT CHARSET=utf8mb4 COLLATE=utf8mb4_unicode_ci;

-- --------------------------------------------------------

--
-- Структура таблицы `labels`
--

CREATE TABLE `labels` (
  `label_id` bigint(19) UNSIGNED NOT NULL,
  `type_id` bigint(19) UNSIGNED NOT NULL DEFAULT '0',
  `company_id` bigint(19) UNSIGNED NOT NULL DEFAULT '0',
  `company_title` varchar(255) NOT NULL DEFAULT '',
  `title` varchar(255) NOT NULL DEFAULT '',
  `logo` varchar(255) NOT NULL DEFAULT '',
  `size_width` int(11) UNSIGNED NOT NULL DEFAULT '0',
  `size_height` int(11) UNSIGNED NOT NULL DEFAULT '0',
  `size_code` int(11) UNSIGNED NOT NULL DEFAULT '0',
  `size_row` float(11,1) UNSIGNED NOT NULL DEFAULT '0.0',
  `hidden` tinyint(1) UNSIGNED NOT NULL DEFAULT '0',
  `created` int(11) UNSIGNED NOT NULL DEFAULT '0'
) ENGINE=InnoDB DEFAULT CHARSET=utf8mb4;

--
-- Дамп данных таблицы `labels`
--

INSERT INTO `labels` (`label_id`, `type_id`, `company_id`, `company_title`, `title`, `logo`, `size_width`, `size_height`, `size_code`, `size_row`, `hidden`, `created`) VALUES
(1, 0, 2, '123', '123', '', 0, 0, 0, 0.0, 1, 1589715095),
(2, 0, 2, '', '', '', 0, 0, 0, 0.0, 1, 1589715273),
(3, 0, 2, '123 55 77', '123', '', 0, 0, 0, 0.0, 1, 1589715608),
(4, 0, 2, 'ОАО \"Волгограднефтемаш\" тел. 7 (844) 240-73-56', 'Стандартная этикетка, 640x280 мм', '', 79, 36, 20, 4.4, 0, 1589737779),
(5, 0, 2, 'ОАО \"Волгограднефтемаш\" тел. 7 (844) 240-73-56', 'Тестовая этикетка', '', 72, 36, 20, 4.3, 0, 1589816257),
(6, 0, 2, 'ОАО \"Волгограднефтемаш\" (для блока БГ)', 'Этикетка для блока БГ', '', 80, 38, 22, 6.4, 0, 1589845954),
(7, 0, 2, 'ОАО \"Волгограднефтемаш\" тел. 7 (844) 240-73-56', 'тест (к удалению)', '', 80, 38, 22, 6.4, 1, 1589847715),
(8, 3, 4, 'ООО \"НефтеГазКомплект\" тел. 7 (495) 786-68-11', 'Стандартная, 80x38 мм', '', 80, 38, 19, 4.2, 0, 1589887976),
(9, 0, 2, 'ОАО \"Волгограднефтемаш\" тел. 7 (844) 240-73-56', 'Универсальная, 80x38 мм', '', 80, 38, 22, 6.4, 0, 1589888152),
(10, 3, 2, 'ОАО \"Волгограднефтемаш\" тел. 7 (844) 240-73-56', 'Универсальная, 80x38 мм', '', 80, 38, 17, 3.2, 0, 1589900763),
(11, 0, 4, 'ООО \"НефтеГазКомплект\" тел. 7 (495) 786-68-11', 'Тестовая, 80x38 мм', '', 80, 38, 22, 6.4, 0, 1590517396);

-- --------------------------------------------------------

--
-- Структура таблицы `label_options`
--

CREATE TABLE `label_options` (
  `id` bigint(19) UNSIGNED NOT NULL,
  `label_id` bigint(19) UNSIGNED NOT NULL DEFAULT '0',
  `title` varchar(255) NOT NULL DEFAULT '',
  `title_print` varchar(255) NOT NULL DEFAULT ''
) ENGINE=InnoDB DEFAULT CHARSET=utf8mb4;

--
-- Дамп данных таблицы `label_options`
--

INSERT INTO `label_options` (`id`, `label_id`, `title`, `title_print`) VALUES
(2, 3, '22', ''),
(3, 3, '33', ''),
(4, 4, 'Заводской номер', ''),
(5, 4, 'Дата изготовления', ''),
(6, 4, 'Номер трубы', ''),
(10, 5, 'Характеристика 1', ''),
(11, 5, 'Характеристика 2', ''),
(15, 4, 'Номер партии', ''),
(16, 6, 'Заводской номер', ''),
(17, 6, 'Дата изготовления', ''),
(19, 6, 'Номер трубы', ''),
(20, 5, 'Характеристика X', ''),
(21, 7, 'Заводской номер', ''),
(22, 7, 'Дата изготовления', ''),
(23, 7, 'Дата отгрузки', ''),
(27, 9, 'Заводской номер', ''),
(28, 9, 'Дата изготовления', ''),
(29, 9, 'Дата отгрузки', ''),
(35, 5, 'ТУ', ''),
(148, 11, 'Заводской номер', ''),
(149, 11, 'Дата изготовления', ''),
(150, 11, 'Дата отгрузки', ''),
(184, 8, 'Поставщик', ''),
(185, 8, 'Сертификат', 'Сертификат'),
(186, 8, '№ Трубы', '№ Трубы'),
(187, 8, 'Плавка', 'Плавка'),
(188, 8, 'Партия трубы', 'Партия'),
(189, 8, 'Длина', 'Длина'),
(190, 8, 'Покрытие внешнее', 'Покрытие'),
(191, 8, 'Покрытие внутреннее', 'Покрытие'),
(192, 8, 'СКК', 'СКК'),
(193, 8, 'Партия', 'Партия'),
(194, 8, 'Дата покрытия', 'Дата'),
(257, 10, 'Сертификат', 'Сертификат'),
(258, 10, 'Пакет', 'Пакет'),
(259, 10, 'Плавка', 'Плавка'),
(260, 10, '№ трубы', '№ трубы'),
(261, 10, 'Длина', 'Длина'),
(262, 10, 'Покрытие', 'Покрытие'),
(263, 10, 'Дата', 'Дата'),
(264, 10, 'СКК', 'СКК'),
(265, 10, 'Партия', 'Партия'),
(266, 10, 'ТУ', 'ТУ'),
(267, 10, 'Дата покрытия', 'Дата:');

-- --------------------------------------------------------

--
-- Структура таблицы `notifications`
--

CREATE TABLE `notifications` (
  `id` bigint(19) NOT NULL,
  `user_id` bigint(19) UNSIGNED NOT NULL DEFAULT '0',
  `company_id` bigint(19) UNSIGNED NOT NULL DEFAULT '0',
  `title` varchar(255) NOT NULL DEFAULT '',
  `body` varchar(255) NOT NULL,
  `unread` tinyint(1) UNSIGNED NOT NULL DEFAULT '1',
  `created` int(11) UNSIGNED NOT NULL DEFAULT '0'
) ENGINE=InnoDB DEFAULT CHARSET=utf8mb4;

--
-- Дамп данных таблицы `notifications`
--

INSERT INTO `notifications` (`id`, `user_id`, `company_id`, `title`, `body`, `unread`, `created`) VALUES
(2, 5, 2, 'Документ отправлен на доработку', 'В паспорте изделия \"Колонна отпарки дизельного топлива\" ваш файл был отправлен на доработку специалистом паспортной группы.', 0, 1599351360),
(3, 4, 2, 'Загружен новый документ', 'Дуров Игорь (ПГ) загрузил в паспорт изделия \"Емкость факельного конденсата Е-501, РССС\" в раздел 2 загружен новый документ.', 0, 1599352973),
(4, 4, 2, 'Загружен новый документ', 'Павлов Аркадий (ОГК) загрузил в паспорт изделия \"Емкость факельного конденсата Е-501, РССС\" в раздел 3 загружен новый документ.', 0, 1599353034),
(5, 4, 2, 'Загружен новый документ', 'Павлов Аркадий (ОГК) загрузил в паспорт изделия \"Емкость факельного конденсата Е-501, РССС\" в раздел 4 загружен новый документ.', 0, 1599353349),
(6, 5, 2, 'Документ принят', 'Ранее загруженный вами файл паспорта изделия \"Емкость факельного конденсата Е-501, РССС\" в разделе 2 принят специалистом паспортной группы.', 0, 1599353387),
(7, 5, 2, 'Документ принят', 'Ранее загруженный вами файл паспорта изделия \"Емкость факельного конденсата Е-501, РССС\" в разделе 1 принят специалистом паспортной группы.', 0, 1599353391),
(8, 5, 2, 'Документ отправлен на доработку', 'Ранее загруженный вами файл паспорта изделия \"Емкость факельного конденсата Е-501, РССС\" в разделе 3 отправлен на доработку специалистом паспортной группы. Причина отклонения файла: \"загрузите еще раз\".', 0, 1599353400),
(9, 4, 2, 'Загружен новый документ', 'Павлов Аркадий (ОГК) загрузил в паспорт изделия \"Емкость факельного конденсата Е-501, РССС\" в раздел 3 загружен новый документ.', 0, 1599354145),
(10, 5, 2, 'Документ принят', 'Ранее загруженный вами файл паспорта изделия \"Емкость факельного конденсата Е-501, РССС\" в разделе 3 принят специалистом паспортной группы.', 0, 1599354215),
(11, 5, 2, 'Документ принят', 'Ранее загруженный вами файл паспорта изделия \"Емкость факельного конденсата Е-501, РССС\" в разделе 4 принят специалистом паспортной группы.', 0, 1599354216),
(12, 4, 2, 'Загружен новый документ', 'Павлов Аркадий (ОГК) загрузил в паспорт изделия \"Емкость факельного конденсата Е-501, РССС\" в раздел 6 загружен новый документ.', 0, 1599354297),
(13, 4, 2, 'Документ был удален', 'Павлов Аркадий (ОГК) удалил ранее загруженный документ из паспорта изделия \"Емкость факельного конденсата Е-501, РССС\" в разделе .', 0, 1599354492),
(14, 4, 2, 'Загружен новый документ', 'Павлов Аркадий (ОГК) загрузил в паспорт изделия \"Емкость факельного конденсата Е-501, РССС\" в раздел 7 загружен новый документ.', 0, 1599354535),
(15, 4, 2, 'Документ был удален', 'Павлов Аркадий (ОГК) удалил ранее загруженный документ из паспорта изделия \"Емкость факельного конденсата Е-501, РССС\" в разделе 7.', 0, 1599354539),
(16, 4, 2, 'Загружен новый документ', 'Павлов Аркадий (ОГК) загрузил в паспорт изделия \"Емкость факельного конденсата Е-501, РССС\" в раздел 7 загружен новый документ.', 0, 1599354563),
(17, 4, 2, 'Загружен новый документ', 'Павлов Аркадий (ОГК) загрузил в паспорт изделия \"Емкость факельного конденсата Е-501, РССС\" в раздел 6 загружен новый документ.', 0, 1599354566),
(18, 4, 2, 'Загружен новый документ', 'Павлов Аркадий (ОГК) загрузил в паспорт изделия \"Емкость факельного конденсата Е-501, РССС\" в раздел 5 загружен новый документ.', 0, 1599354568),
(19, 4, 2, 'Загружен новый документ', 'Павлов Аркадий (ОГК) загрузил в паспорт изделия \"Емкость факельного конденсата Е-501, РССС\" в раздел 7 загружен новый документ.', 0, 1599355400),
(20, 4, 2, 'Загружен новый документ', 'Павлов Аркадий (ОГК) загрузил в паспорт изделия \"Емкость факельного конденсата Е-501, РССС\" в раздел 6 загружен новый документ.', 0, 1599355403),
(21, 5, 2, 'Документ отправлен на доработку', 'Ранее загруженный вами файл паспорта изделия \"Емкость факельного конденсата Е-501, РССС\" в разделе 5 отправлен на доработку специалистом паспортной группы. Причина отклонения файла: \"11\".', 0, 1599465942),
(22, 4, 2, 'Загружен новый документ', 'Павлов Аркадий (ОГК) загрузил в паспорт изделия \"Колонна отпарки дизельного топлива\" в раздел 3 загружен новый документ.', 0, 1599466468),
(23, 4, 2, 'Загружен новый документ', 'Павлов Аркадий (ОГК) загрузил в паспорт изделия \"Колонна отпарки дизельного топлива\" в раздел 1 загружен новый документ.', 0, 1599466478),
(24, 4, 2, 'Загружен новый документ', 'Павлов Аркадий (ОГК) загрузил в паспорт изделия \"Колонна отпарки дизельного топлива\" в раздел 1 загружен новый документ.', 0, 1599466484),
(25, 4, 2, 'Загружен новый документ', 'Павлов Аркадий (ОГК) загрузил в паспорт изделия \"Колонна отпарки дизельного топлива\" в раздел 1 загружен новый документ.', 0, 1599466488),
(26, 4, 2, 'Документ был удален', 'Павлов Аркадий (ОГК) удалил ранее загруженный документ из паспорта изделия \"Колонна отпарки дизельного топлива\" в разделе 1.', 0, 1599466503),
(27, 4, 2, 'Загружен новый документ', 'Разумовский Петр (БТК) загрузил в паспорт изделия \"Емкость факельного конденсата Е-501, РССС\" в раздел 5 загружен новый документ.', 0, 1599529288),
(28, 4, 2, 'Загружен новый документ', 'Павлов Аркадий (ОГК) загрузил в паспорт изделия \"Емкость факельного конденсата Е-501, РССС\" в раздел 0 загружен новый документ.', 0, 1599593259),
(29, 4, 2, 'Загружен новый документ', 'Павлов Аркадий (ОГК) загрузил в паспорт изделия \"Емкость факельного конденсата Е-501, РССС\" в раздел 0 загружен новый документ.', 0, 1599593268),
(30, 4, 2, 'Загружен новый документ', 'Павлов Аркадий (ОГК) загрузил в паспорт изделия \"Емкость факельного конденсата Е-501, РССС\" в раздел 0 загружен новый документ.', 0, 1599594519),
(31, 4, 2, 'Загружен новый документ', 'Павлов Аркадий (ОГК) загрузил в паспорт изделия \"Емкость факельного конденсата Е-501, РССС\" в раздел 0 загружен новый документ.', 0, 1599594994),
(32, 4, 2, 'Загружен новый документ', 'Павлов Аркадий (ОГК) загрузил в паспорт изделия \"Емкость факельного конденсата Е-501, РССС\" в раздел 0 загружен новый документ.', 0, 1599595594),
(33, 4, 2, 'Документ был удален', 'Павлов Аркадий (ОГК) удалил ранее загруженный документ из паспорта изделия \"Емкость факельного конденсата Е-501, РССС\" в разделе 0.', 0, 1599595599),
(34, 4, 2, 'Загружен новый документ', 'Павлов Аркадий (ОГК) загрузил в паспорт изделия \"Емкость факельного конденсата Е-501, РССС\" в раздел 0 загружен новый документ.', 0, 1599595612),
(35, 4, 2, 'Загружен новый документ', 'Петрова Людмила (ЦЗЛ) загрузил в паспорт изделия \"Емкость факельного конденсата Е-501, РССС\" в раздел 7 загружен новый документ.', 0, 1599742320);

-- --------------------------------------------------------

--
-- Структура таблицы `pages`
--

CREATE TABLE `pages` (
  `page_id` int(11) UNSIGNED NOT NULL,
  `title` varchar(255) NOT NULL DEFAULT '',
  `content` text NOT NULL,
  `screen_name` varchar(255) NOT NULL DEFAULT '',
  `hidden` tinyint(1) UNSIGNED NOT NULL DEFAULT '0',
  `created` int(11) UNSIGNED NOT NULL DEFAULT '0'
) ENGINE=InnoDB DEFAULT CHARSET=utf8mb4;

--
-- Дамп данных таблицы `pages`
--

INSERT INTO `pages` (`page_id`, `title`, `content`, `screen_name`, `hidden`, `created`) VALUES
(1, 'Политика конфиденциальности', 'Версия от 28.04.2020 г.\r\n\r\n1. Общая информация\r\n\r\n1.1 Настоящая Политика конфиденциальности (далее - Политика) разработана для мобильного приложения, разработанного  ООО “НГ-СОФТ” (далее - Приложения). В настоящей Политике описано, какие данные Приложения обрабатываются разработчиком в лице ООО “НГ-СОФТ” (далее - Разработчик), и как Разработчик собирает и обрабатывает данные их пользователей.\r\n1.2  Компания оставляет за собой право вносить изменения в Приложение и, при необходимости, адаптировать настоящую Политику к внесенным изменениям.\r\n\r\n2. Цели обработки данных пользователей Разработчиком.\r\n\r\n2.1  Разработчик собирает данные технического характера об использовании Приложения  и о возникающих ошибках с целью создания статистики пользования Приложением  для последующего его улучшения и устранения ошибок.\r\n2.2  Разработчик может собирать персональные данные пользователя Приложения (e-mail пользователя) с целью автоматической разовой отправки электронного расчета (услуги)  на электронный адрес пользователя по требованию самого пользователя.\r\n\r\n3. Данные пользователей, которые собирает и обрабатывает Разработчик\r\n\r\n3.1. Личные данные: e-mail пользователя, IP-адрес, имя пользователя, пароль. Разработчик не собирает и не обрабатывает другие личные данные пользователей Приложения, которые вносятся в Приложение самими пользователями.\r\n3.2. Технические данные, которые собирает Разработчик: данные о количестве запусков Приложений в целом и их отдельных экранов и функций, числе активных пользователей, стране и регионе использования Приложения, информация об авторизации пользователей (в т.ч. попытках авторизации), данные о сканировании конкретных изделий.\r\n3.3. Данные об ошибках, которые собирает Разработчик: технические параметры устройства, данные о локализации ошибки, частоте ошибок и сбоев.\r\n\r\n4. Безопасность данных пользователей\r\n\r\nОбработка данных пользователей происходит в Приложении на их собственных устройствах без участия Разработчика.\r\nБезопасность данных обеспечивается стандартными средствами операционной системы, в самом Приложении дополнительные средства защиты.\r\nПользователи используют Приложение как есть и самостоятельно обеспечивают защиту своих данных в нем от угроз безопасности, в т.ч., но не ограничиваясь:\r\n— защищают свое устройство и установленные в нем Приложения от кражи или утери;\r\n— защищают свое устройство и установленные в нем Приложения от несанкционированного доступа.', 'privacy', 0, 1588108326);

-- --------------------------------------------------------

--
-- Структура таблицы `passports`
--

CREATE TABLE `passports` (
  `passport_id` bigint(19) UNSIGNED NOT NULL,
  `company_id` bigint(19) UNSIGNED NOT NULL DEFAULT '0',
  `status` tinyint(1) UNSIGNED NOT NULL DEFAULT '0',
  `type` tinyint(2) UNSIGNED NOT NULL DEFAULT '0',
  `title` varchar(255) NOT NULL DEFAULT '',
  `number` varchar(255) NOT NULL DEFAULT '',
  `order_number` varchar(255) NOT NULL DEFAULT '0',
  `sections_all` int(11) UNSIGNED NOT NULL DEFAULT '0',
  `sections_completed` int(11) UNSIGNED NOT NULL DEFAULT '0',
  `annexes_all` int(11) UNSIGNED NOT NULL DEFAULT '0',
  `hidden` tinyint(1) UNSIGNED NOT NULL DEFAULT '0',
  `produced` int(11) UNSIGNED NOT NULL DEFAULT '0',
  `created` int(11) UNSIGNED NOT NULL DEFAULT '0'
) ENGINE=InnoDB DEFAULT CHARSET=utf8mb4;

--
-- Дамп данных таблицы `passports`
--

INSERT INTO `passports` (`passport_id`, `company_id`, `status`, `type`, `title`, `number`, `order_number`, `sections_all`, `sections_completed`, `annexes_all`, `hidden`, `produced`, `created`) VALUES
(1, 2, 1, 0, 'Холодильник химочищенной воды 52-EW10009/1,2', '', '0', 0, 0, 0, 0, 1593346326, 1593346326),
(2, 2, 1, 0, 'Холодильник химочищенной воды 52-EW10009/1,2', '', '0', 0, 0, 0, 0, 1593346326, 1593346326),
(3, 2, 1, 0, 'Холодильник химочищенной воды 52-EW10009/1,2', '', '0', 0, 0, 0, 0, 1593346326, 1593346326),
(4, 2, 2, 0, 'Холодильник химочищенной воды 52-EW10009/1,2', '', '0', 0, 0, 0, 0, 1593346326, 1593346326),
(5, 2, 2, 0, 'Холодильник химочищенной воды 52-EW10009/1,2', '', '0', 0, 0, 0, 0, 1593346326, 1593346326),
(6, 2, 1, 0, 'Холодильник химочищенной воды 52-EW10009/1,2', '', '0', 0, 0, 0, 0, 1593346326, 1593346326),
(7, 2, 0, 0, 'Холодильник химочищенной воды 52-EW10009/1,2', '', '0', 1, 0, 0, 0, 1593346326, 1593346326),
(8, 2, 0, 0, 'Холодильник химочищенной воды 52-EW10009/1,2', '', '0', 13, 0, 0, 0, 1593346326, 1593346326),
(9, 2, 0, 0, '111', '222', '0', 0, 0, 0, 1, 0, 1593383861),
(10, 2, 0, 0, '222', '333', '0', 0, 0, 0, 1, 0, 1593383930),
(11, 2, 0, 0, '333', '333', '0', 0, 0, 0, 1, 0, 1593384024),
(12, 2, 0, 0, '333', '333', '0', 0, 0, 0, 1, 0, 1593384075),
(13, 2, 0, 0, 'Холодильник химочищенной воды 52-EW10009/1,2', '12345', '0', 0, 0, 0, 1, 1593129600, 1593384770),
(14, 2, 2, 1, 'тест 1', '12345', '0', 0, 0, 0, 0, 0, 1593384842),
(15, 2, 0, 0, '111123', '222', '0', 0, 0, 0, 1, 0, 1593387406),
(16, 2, 0, 0, '123', '123', '0', 0, 0, 0, 1, 0, 1593387462),
(17, 4, 2, 0, 'тест 4', '', '0', 0, 0, 0, 0, 0, 1593570135),
(18, 4, 0, 0, 'тест 2', '', '0', 0, 0, 0, 0, 0, 1593570147),
(19, 4, 0, 1, 'тест 1', '', '0', 0, 0, 0, 0, 0, 1593570343),
(20, 4, 2, 0, 'тест 3', '', '0', 0, 0, 0, 0, 0, 1593570345),
(21, 4, 0, 1, '123', '', '0', 0, 0, 0, 1, 0, 1593574791),
(22, 4, 0, 1, '123', '', '0', 13, 0, 0, 0, 0, 1593574841),
(23, 4, 0, 0, 'тест 1', '', '0', 0, 0, 0, 0, 0, 1593575414),
(24, 4, 0, 0, 'тест 2', '', '0', 0, 0, 0, 0, 0, 1593575417),
(25, 4, 0, 0, 'тест 3', '', '0', 0, 0, 0, 0, 0, 1593575420),
(26, 4, 0, 0, 'тест 4', '', '0', 0, 0, 0, 0, 0, 1593575423),
(27, 4, 0, 0, 'тест 5', '', '0', 0, 0, 0, 0, 0, 1593575426),
(28, 4, 0, 0, 'тест 6', '', '0', 0, 0, 0, 0, 0, 1593575429),
(29, 4, 0, 0, 'тест 7', '', '0', 0, 0, 0, 0, 0, 1593575432),
(30, 4, 0, 0, 'тест 8', '', '0', 0, 0, 0, 0, 0, 1593575438),
(31, 4, 0, 0, 'тест 9', '', '0', 0, 0, 0, 0, 0, 1593575442),
(32, 4, 0, 0, 'тест 10', '', '0', 0, 0, 0, 0, 0, 1593575445),
(33, 4, 2, 0, 'архив 1', '', '0', 0, 0, 0, 0, 0, 1593575890),
(34, 4, 2, 0, 'архив 2', '', '0', 0, 0, 0, 0, 0, 1593575896),
(35, 4, 2, 0, 'архив 3', '', '0', 0, 0, 0, 0, 0, 1593575900),
(36, 4, 2, 0, 'архив 4', '', '0', 0, 0, 0, 0, 0, 1593575905),
(37, 4, 2, 0, 'архив 5', '', '0', 0, 0, 0, 0, 0, 1593575908),
(38, 4, 2, 0, 'архив 6', '', '0', 0, 0, 0, 0, 0, 1593575912),
(39, 4, 2, 0, 'архив 7', '', '0', 0, 0, 0, 0, 0, 1593575916),
(40, 4, 2, 0, 'архив 8', '', '0', 0, 0, 0, 0, 0, 1593575919),
(41, 4, 2, 0, 'архив 9', '', '0', 0, 0, 0, 0, 0, 1593575923),
(42, 4, 2, 0, 'архив 10', '', '0', 0, 0, 0, 0, 0, 1593575927),
(43, 2, 1, 0, 'тест', '', '0', 0, 0, 0, 0, 0, 1594122553),
(44, 2, 1, 1, 'тест 2', '', '0', 13, 1, 0, 0, 0, 1594122923),
(45, 2, 1, 1, 'Колонна отпарки дизельного топлива', '', '123', 13, 0, 1, 0, 0, 1594921911),
(46, 2, 1, 1, 'Колонна отпарки дизельного топлива', '48Т12078', '2020-0178', 12, 3, 1, 0, 0, 1594940628),
(47, 2, 1, 1, 'Колонна отпарки дизельного топлива', '4769', '1527', 12, 11, 1, 0, 0, 1594955132),
(48, 2, 1, 1, 'Колонна отпарки дизельного топлива', '4769', '1527', 12, 12, 2, 0, 1583020800, 1594955681),
(49, 2, 1, 1, 'Емкость факельного конденсата Е-501, РССС', '5803', '2168', 12, 7, 0, 0, 0, 1599351985);

-- --------------------------------------------------------

--
-- Структура таблицы `passport_annexes`
--

CREATE TABLE `passport_annexes` (
  `annex_id` bigint(19) UNSIGNED NOT NULL,
  `user_id` bigint(19) UNSIGNED NOT NULL DEFAULT '0',
  `passport_id` bigint(19) UNSIGNED NOT NULL DEFAULT '0',
  `status` tinyint(1) UNSIGNED NOT NULL DEFAULT '0',
  `number` int(11) UNSIGNED NOT NULL DEFAULT '0',
  `title` varchar(255) NOT NULL DEFAULT '',
  `sort` int(11) UNSIGNED NOT NULL DEFAULT '0',
  `files` int(11) UNSIGNED NOT NULL DEFAULT '0',
  `hidden` tinyint(1) UNSIGNED NOT NULL DEFAULT '0',
  `created` int(11) UNSIGNED NOT NULL DEFAULT '0'
) ENGINE=InnoDB DEFAULT CHARSET=utf8mb4;

--
-- Дамп данных таблицы `passport_annexes`
--

INSERT INTO `passport_annexes` (`annex_id`, `user_id`, `passport_id`, `status`, `number`, `title`, `sort`, `files`, `hidden`, `created`) VALUES
(1, 0, 45, 0, 0, '123', 0, 0, 0, 1594927714),
(2, 3, 46, 1, 0, 'Дополнительные технические характеристики', 0, 2, 0, 1594940654),
(3, 0, 46, 0, 0, 'Новое приложение', 0, 0, 1, 1594947390),
(4, 0, 47, 0, 0, 'Приложение №1', 0, 0, 0, 1594955226),
(5, 4, 48, 0, 0, 'Приложение №1', 0, 0, 0, 1594955699),
(6, 0, 48, 0, 0, 'Приложение №2', 0, 0, 1, 1594955708),
(7, 4, 48, 1, 0, 'Приложение №2', 0, 2, 0, 1596017956);

-- --------------------------------------------------------

--
-- Структура таблицы `passport_files`
--

CREATE TABLE `passport_files` (
  `file_id` bigint(19) UNSIGNED NOT NULL,
  `user_id` bigint(19) UNSIGNED NOT NULL DEFAULT '0',
  `passport_id` bigint(19) UNSIGNED NOT NULL DEFAULT '0',
  `template_id` bigint(19) UNSIGNED NOT NULL DEFAULT '0',
  `sub_id` int(11) UNSIGNED NOT NULL DEFAULT '0',
  `sub_type` tinyint(1) UNSIGNED NOT NULL DEFAULT '0',
  `sub_number` int(11) UNSIGNED NOT NULL DEFAULT '0',
  `type` tinyint(2) UNSIGNED NOT NULL DEFAULT '0',
  `status` tinyint(1) UNSIGNED NOT NULL DEFAULT '0',
  `path` varchar(255) NOT NULL DEFAULT '',
  `title` varchar(255) NOT NULL DEFAULT '',
  `note` text NOT NULL,
  `size` int(11) UNSIGNED NOT NULL DEFAULT '0',
  `hidden` tinyint(1) UNSIGNED NOT NULL DEFAULT '0',
  `created` int(11) UNSIGNED NOT NULL DEFAULT '0'
) ENGINE=InnoDB DEFAULT CHARSET=utf8mb4;

--
-- Дамп данных таблицы `passport_files`
--

INSERT INTO `passport_files` (`file_id`, `user_id`, `passport_id`, `template_id`, `sub_id`, `sub_type`, `sub_number`, `type`, `status`, `path`, `title`, `note`, `size`, `hidden`, `created`) VALUES
(1, 0, 45, 0, 59, 1, 0, 6, 0, '/servers/media/storage/2020/0716/1080786dd3.png', '003', '', 285235, 1, 1594939721),
(2, 0, 45, 0, 59, 1, 0, 6, 0, '/servers/media/storage/2020/0716/5a5f6b5f8a.png', '003', '', 285235, 0, 1594940219),
(3, 0, 46, 0, 72, 1, 0, 6, 0, '/servers/media/storage/2020/0716/1ad7950264.png', '003', '', 285235, 1, 1594940663),
(4, 0, 46, 0, 72, 1, 0, 6, 0, '/servers/media/storage/2020/0716/b32312963a.png', '003', '', 285235, 1, 1594942322),
(5, 3, 46, 0, 72, 1, 0, 6, 0, '/servers/media/storage/2020/0716/08ef21d15a.png', '12345', '', 285235, 1, 1594942356),
(6, 3, 46, 0, 72, 1, 0, 6, 0, '/servers/media/storage/2020/0717/ac7458936b.png', '003', '', 285235, 1, 1594946222),
(7, 3, 46, 0, 72, 1, 0, 6, 0, '/servers/media/storage/2020/0717/7d1a22ae9f.png', '003', '', 285235, 0, 1594947029),
(8, 3, 46, 0, 72, 1, 0, 6, 0, '/servers/media/storage/2020/0717/a2820e8438.png', '004', '', 355802, 0, 1594947033),
(9, 3, 46, 0, 72, 1, 0, 6, 0, '/servers/media/storage/2020/0717/84b349e5c3.png', 'тестовое описание', '', 375747, 0, 1594947068),
(10, 3, 46, 0, 2, 1, 0, 6, 0, '/servers/media/storage/2020/0717/d90ba8c8a3.png', '003', '', 285235, 1, 1594947311),
(11, 3, 46, 0, 2, 2, 0, 6, 0, '/servers/media/storage/2020/0717/61fcae80e1.png', '003', '', 285235, 0, 1594947360),
(12, 3, 46, 0, 73, 1, 0, 6, 0, '/servers/media/storage/2020/0717/4eee4fdf76.png', '004', '', 355802, 0, 1594947757),
(13, 3, 46, 0, 74, 1, 0, 6, 0, '/servers/media/storage/2020/0717/1839516891.png', '003', '', 285235, 0, 1594947914),
(14, 3, 46, 0, 72, 1, 0, 6, 0, '/servers/media/storage/2020/0717/327c8725a1.png', '003', '', 285235, 0, 1594954474),
(15, 3, 46, 0, 72, 1, 0, 6, 0, '/servers/media/storage/2020/0717/bdbd7ced10.png', '003', '', 285235, 0, 1594954597),
(16, 3, 46, 0, 2, 2, 0, 6, 0, '/servers/media/storage/2020/0717/dbcc81ceb9.png', '003', '', 285235, 0, 1594954776),
(17, 3, 47, 0, 85, 1, 0, 1, 0, '/servers/media/storage/2020/0717/45cd80ef7a.pdf', 'Раздел 2', '', 114005, 0, 1594955251),
(18, 3, 47, 0, 86, 1, 0, 1, 0, '/servers/media/storage/2020/0717/aedc6b1f91.pdf', 'Ведомость деталей под давлением', '', 114752, 0, 1594955266),
(19, 3, 47, 0, 87, 1, 0, 1, 0, '/servers/media/storage/2020/0717/4ad9933577.pdf', 'Раздел 4', '', 93230, 0, 1594955273),
(20, 3, 47, 0, 88, 1, 0, 1, 0, '/servers/media/storage/2020/0717/b4144a5b65.pdf', 'Раздел 5', '', 212831, 0, 1594955288),
(21, 3, 47, 0, 89, 1, 0, 1, 0, '/servers/media/storage/2020/0717/dfb0638d2a.pdf', 'Раздел 6', '', 80185, 0, 1594955293),
(22, 3, 47, 0, 90, 1, 0, 1, 0, '/servers/media/storage/2020/0717/27acb574bd.pdf', 'Раздел 7', '', 496437, 0, 1594955300),
(23, 3, 47, 0, 91, 1, 0, 1, 0, '/servers/media/storage/2020/0717/dc2f3abb74.pdf', 'Раздел 8', '', 236961, 0, 1594955308),
(24, 3, 47, 0, 93, 1, 0, 1, 0, '/servers/media/storage/2020/0717/7409698b10.pdf', 'Раздел 10', '', 69368, 0, 1594955316),
(25, 3, 47, 0, 94, 1, 0, 1, 0, '/servers/media/storage/2020/0717/e773e1f6bd.pdf', 'Раздел 11', '', 137531, 0, 1594955329),
(26, 3, 48, 0, 97, 1, 0, 1, 0, '/servers/media/storage/2020/0717/ff0a9124a0.pdf', 'Раздел 2', '', 114005, 1, 1594955730),
(27, 3, 48, 0, 98, 1, 0, 1, 0, '/servers/media/storage/2020/0717/2e84959ffb.pdf', 'Ведомость деталей под давлением', '', 114752, 1, 1594955744),
(28, 3, 48, 0, 99, 1, 0, 1, 0, '/servers/media/storage/2020/0717/7a60ae4563.pdf', 'Раздел 4', '', 93230, 1, 1594955753),
(29, 3, 48, 0, 100, 1, 0, 1, 0, '/servers/media/storage/2020/0717/1d1c575c4d.pdf', 'Раздел 5', '', 212831, 1, 1594955760),
(30, 3, 48, 0, 101, 1, 0, 1, 0, '/servers/media/storage/2020/0717/8bb9a9ee54.pdf', 'Раздел 6', '', 80185, 1, 1594955767),
(31, 3, 48, 0, 102, 1, 0, 1, 0, '/servers/media/storage/2020/0717/37a2e7e19f.pdf', 'Раздел 7', '', 496437, 1, 1594955774),
(32, 3, 48, 0, 103, 1, 0, 1, 0, '/servers/media/storage/2020/0717/c2466bd300.pdf', 'Раздел 8', '', 236961, 1, 1594955782),
(33, 3, 48, 0, 105, 1, 0, 1, 0, '/servers/media/storage/2020/0717/b7d44e1913.pdf', 'Раздел 10', '', 69368, 1, 1594955793),
(34, 3, 48, 0, 106, 1, 0, 1, 0, '/servers/media/storage/2020/0717/aba557fe2f.pdf', 'Раздел 11', '', 137531, 1, 1594955802),
(35, 3, 48, 0, 98, 1, 0, 1, 0, '/servers/media/storage/2020/0717/4cfe06f967.pdf', 'Раздел 2', '', 114005, 1, 1594955816),
(36, 3, 48, 0, 97, 1, 2, 6, 2, '/servers/media/storage/2020/0723/0e2a66027d.png', '002', '111', 345146, 1, 1595498190),
(39, 5, 48, 1, 96, 1, 1, 6, 2, '/servers/media/storage/2020/0723/fe1334a93c.png', 'Сборочный чертеж', '111', 345146, 1, 1595499601),
(52, 5, 48, 2, 97, 1, 2, 6, 2, '/servers/media/storage/2020/0723/4fb52510f7.png', 'Ведомость деталей под давлением', 'требуется загрузить файл повторно', 297393, 1, 1595505239),
(53, 5, 48, 3, 98, 1, 3, 6, 2, '/servers/media/storage/2020/0723/53896957d0.png', 'Ведомость деталей под давлением', 'тест 1', 297393, 1, 1595505248),
(54, 5, 48, 4, 99, 1, 4, 6, 2, '/servers/media/storage/2020/0723/3e107e3fbc.png', 'Спецификация на аппарат', 'Нужно загрузить заново', 297393, 1, 1595507880),
(55, 5, 47, 1, 84, 1, 1, 6, 2, '/servers/media/storage/2020/0723/d5becb73ca.png', 'Сборочный чертеж', 'загрузите еще раз', 297393, 1, 1595509217),
(56, 5, 46, 1, 72, 1, 1, 6, 0, '/servers/media/storage/2020/0723/cf7647f506.png', 'Сборочный чертеж', '', 297393, 0, 1595509260),
(57, 5, 45, 1, 0, 1, 1, 6, 0, '/servers/media/storage/2020/0723/ea01cb9b40.png', 'Сборочный чертеж', '', 297393, 0, 1595510831),
(58, 5, 45, 2, 0, 1, 2, 6, 0, '/servers/media/storage/2020/0723/7b6c07bdfb.png', 'Ведомость деталей под давлением', '', 345146, 0, 1595510837),
(59, 5, 45, 3, 0, 1, 3, 6, 0, '/servers/media/storage/2020/0723/9e29b8c67c.png', 'Ведомость деталей под давлением', '', 345146, 0, 1595510850),
(60, 5, 45, 4, 0, 1, 4, 6, 0, '/servers/media/storage/2020/0723/76eb7bd49d.png', 'Спецификация на аппарат', '', 345146, 0, 1595510854),
(61, 5, 45, 5, 0, 1, 5, 6, 0, '/servers/media/storage/2020/0723/9332a2b6ec.png', 'Ведомость деталей под давлением', '', 345146, 0, 1595510858),
(62, 5, 45, 6, 0, 1, 6, 6, 0, '/servers/media/storage/2020/0723/5493d74595.png', 'Карта измерений сосуда (эскиз) с допустимыми значениями', '', 345146, 0, 1595510861),
(63, 5, 45, 7, 0, 1, 7, 6, 0, '/servers/media/storage/2020/0723/2f486cbf18.png', 'Карта сварных соединений', '', 297393, 0, 1595510866),
(64, 5, 44, 1, 0, 1, 1, 6, 0, '/servers/media/storage/2020/0723/0993286cdc.png', 'Сборочный чертеж', '', 297393, 0, 1595511438),
(65, 5, 44, 2, 0, 1, 2, 6, 0, '/servers/media/storage/2020/0723/98282d800a.png', 'Ведомость деталей под давлением', '', 297393, 0, 1595511443),
(66, 5, 44, 6, 0, 1, 6, 6, 0, '/servers/media/storage/2020/0723/b8619fdde1.png', 'Карта измерений сосуда (эскиз) с допустимыми значениями', '', 345146, 0, 1595511446),
(67, 5, 44, 5, 0, 1, 5, 6, 0, '/servers/media/storage/2020/0723/ef26511bf0.png', 'Ведомость деталей под давлением', '', 345146, 0, 1595511448),
(68, 5, 43, 1, 0, 1, 1, 6, 0, '/servers/media/storage/2020/0723/89b9e0b994.png', 'Сборочный чертеж', '', 297393, 0, 1595512604),
(69, 5, 43, 2, 0, 1, 2, 6, 0, '/servers/media/storage/2020/0723/c7f4d80706.png', 'Ведомость деталей под давлением', '', 297393, 0, 1595512612),
(70, 4, 44, 0, 46, 1, 0, 1, 0, '/servers/media/storage/2020/0725/f729602e39.pdf', '2к_квартира-43м2-г._Москва_Береговой_д._5А_корп._6 (1)', '', 20870719, 0, 1595720404),
(71, 4, 44, 0, 46, 1, 0, 1, 0, '/servers/media/storage/2020/0725/84402bdbab.pdf', '2к_квартира-43м2-г._Москва_Береговой_д._5А_корп._6', '', 20870719, 0, 1595720415),
(72, 4, 44, 0, 46, 1, 0, 1, 0, '/servers/media/storage/2020/0725/9ffdbb4e31.pdf', '2к_квартира-45м2-г._Москва_Ярцевская_д._31 АГЕНТ', '', 27346218, 0, 1595720421),
(73, 4, 48, 0, 5, 2, 0, 1, 0, '/servers/media/storage/2020/0726/1e5d5608a0.pdf', 'order_kupibilet_ru_6216981341-0 (1)', '', 46497, 1, 1595777702),
(74, 4, 48, 0, 5, 2, 0, 1, 2, '/servers/media/storage/2020/0726/0951fe3810.pdf', 'BoardPass_MASLENNIKOV_2020-JUL-07_SVOVOG (1)', '', 88900, 1, 1595779821),
(75, 4, 48, 0, 5, 2, 0, 1, 2, '/servers/media/storage/2020/0726/5e00c4eced.pdf', 'ИНСТРУКЦИЯ ПО РАБОТЕ С КЛЮЧАМИ ДЛЯ API V 7', '111', 486888, 1, 1595779826),
(76, 5, 48, 52, 97, 1, 2, 1, 0, '/servers/media/storage/2020/0727/5a0823a2ba.pdf', '', '', 88900, 1, 1595843393),
(77, 5, 48, 2, 97, 1, 2, 1, 2, '/servers/media/storage/2020/0727/70b6f1e868.pdf', 'Ведомость деталей под давлением', 'тест 1', 88900, 1, 1595853169),
(78, 5, 48, 77, 97, 1, 2, 1, 0, '/servers/media/storage/2020/0727/20a6171b46.pdf', '', '', 88900, 1, 1595853238),
(79, 5, 48, 3, 98, 1, 3, 1, 0, '/servers/media/storage/2020/0727/e4222cb4e0.pdf', 'Ведомость деталей под давлением', '', 88900, 1, 1595854660),
(80, 5, 48, 2, 97, 1, 2, 1, 0, '/servers/media/storage/2020/0727/688059eea8.pdf', 'Ведомость деталей под давлением', '', 88900, 1, 1595854667),
(81, 18, 48, 16, 102, 1, 7, 1, 0, '/servers/media/storage/2020/0727/c0fd5fb0b8.pdf', 'Заключения ЦЗЛ о качестве сварных соединений', '', 88900, 1, 1595858249),
(82, 18, 48, 16, 102, 1, 7, 1, 0, '/servers/media/storage/2020/0727/4f708032ac.pdf', 'Заключения ЦЗЛ о качестве сварных соединений', '', 88900, 1, 1595858278),
(83, 18, 48, 16, 102, 1, 7, 1, 0, '/servers/media/storage/2020/0727/58260cee03.pdf', 'Заключения ЦЗЛ о качестве сварных соединений', '', 88900, 1, 1595858326),
(84, 18, 48, 17, 103, 1, 8, 1, 0, '/servers/media/storage/2020/0727/3751c86efe.pdf', 'Протоколы разрушающего контроля', '', 88900, 1, 1595858757),
(85, 17, 48, 15, 102, 1, 7, 1, 0, '/servers/media/storage/2020/0727/282ea81c40.pdf', 'Технология сварки', '', 88900, 1, 1595859080),
(86, 18, 48, 18, 104, 1, 9, 1, 0, '/servers/media/storage/2020/0727/d0ec61fc4d.pdf', 'Справка о стилоскопировании, испытаниях строповых устройств', '', 88900, 1, 1595859132),
(87, 18, 47, 16, 90, 1, 7, 1, 0, '/servers/media/storage/2020/0727/5623b3e24f.pdf', 'Заключения ЦЗЛ о качестве сварных соединений', '', 88900, 0, 1595859168),
(88, 18, 47, 17, 91, 1, 8, 1, 0, '/servers/media/storage/2020/0727/9bc92ec453.pdf', 'Протоколы разрушающего контроля', '', 88900, 0, 1595859171),
(89, 18, 47, 18, 92, 1, 9, 1, 0, '/servers/media/storage/2020/0727/6dd17c5862.pdf', 'Справка о стилоскопировании, испытаниях строповых устройств', '', 88900, 0, 1595859174),
(90, 17, 47, 15, 90, 1, 7, 1, 0, '/servers/media/storage/2020/0727/57681ec8c1.pdf', 'Технология сварки', '', 88900, 0, 1595859187),
(91, 5, 48, 1, 96, 1, 1, 1, 2, '/servers/media/storage/2020/0727/521e670c8a.pdf', 'Сборочный чертеж', '11', 88900, 1, 1595860309),
(92, 5, 48, 2, 97, 1, 2, 1, 2, '/servers/media/storage/2020/0727/f1edd941c7.pdf', 'Ведомость деталей под давлением', '11', 88900, 1, 1595860312),
(93, 5, 48, 3, 98, 1, 3, 1, 2, '/servers/media/storage/2020/0727/abf3591ffd.pdf', 'Ведомость деталей под давлением', 'не тот файл, надо загрузить повторно', 88900, 1, 1595860315),
(94, 5, 48, 3, 98, 1, 3, 1, 2, '/servers/media/storage/2020/0727/46776a152a.pdf', 'Ведомость деталей под давлением', '111', 88900, 1, 1595860374),
(95, 5, 48, 4, 99, 1, 4, 1, 2, '/servers/media/storage/2020/0727/01b2ea22f1.pdf', 'Спецификация на аппарат', '11', 88900, 1, 1595860378),
(96, 5, 48, 5, 100, 1, 5, 1, 2, '/servers/media/storage/2020/0727/c85b1fcdf4.pdf', 'Ведомость деталей под давлением', '11', 88900, 1, 1595860381),
(97, 5, 48, 6, 101, 1, 6, 1, 2, '/servers/media/storage/2020/0727/fc5a5f227f.pdf', 'Карта измерений сосуда (эскиз) с допустимыми значениями', '11', 88900, 1, 1595860383),
(98, 5, 48, 7, 102, 1, 7, 1, 2, '/servers/media/storage/2020/0727/1b55b59cb0.pdf', 'Карта сварных соединений', '11', 88900, 1, 1595860386),
(99, 16, 48, 8, 100, 1, 5, 1, 2, '/servers/media/storage/2020/0727/c21cae378f.pdf', 'Ведомость деталей под давлением с отметками БТК', '11', 88900, 1, 1595860432),
(100, 16, 48, 9, 101, 1, 6, 1, 2, '/servers/media/storage/2020/0727/44e60f31c7.pdf', 'Карта измерений сосуда (эскиз) с фактическими значениями', '11', 88900, 1, 1595860435),
(101, 16, 48, 10, 102, 1, 7, 1, 2, '/servers/media/storage/2020/0727/ae06909be8.pdf', 'Сведения о фактических данных по сварным соединениям', '11', 88900, 1, 1595860437),
(102, 16, 48, 11, 103, 1, 8, 1, 2, '/servers/media/storage/2020/0727/934e3497e4.pdf', 'Протоколы разрушающего контроля ЦЗЛ', '11', 88900, 1, 1595860440),
(103, 16, 48, 12, 104, 1, 9, 1, 2, '/servers/media/storage/2020/0727/2778c6c752.pdf', 'Акт визуально-измерительного контроля', '11', 88900, 1, 1595860443),
(104, 16, 48, 13, 105, 1, 10, 1, 2, '/servers/media/storage/2020/0727/97d2f0c4e8.pdf', 'Диаграмма термообработки', '11', 88900, 1, 1595860446),
(105, 16, 48, 14, 106, 1, 11, 1, 2, '/servers/media/storage/2020/0727/1fbfe1b833.pdf', 'Акт гидравлического испытания сосуда', '11', 88900, 1, 1595860449),
(106, 17, 48, 15, 102, 1, 7, 1, 2, '/servers/media/storage/2020/0727/7cd443e355.pdf', 'Технология сварки', '11', 88900, 1, 1595860480),
(107, 18, 48, 16, 102, 1, 7, 1, 2, '/servers/media/storage/2020/0727/d204af708c.pdf', 'Заключения ЦЗЛ о качестве сварных соединений', '11', 88900, 1, 1595860490),
(108, 18, 48, 17, 103, 1, 8, 1, 2, '/servers/media/storage/2020/0727/7ef7541d56.pdf', 'Протоколы разрушающего контроля', '11', 88900, 1, 1595860492),
(109, 18, 48, 18, 104, 1, 9, 1, 2, '/servers/media/storage/2020/0727/5cd9bc93e1.pdf', 'Справка о стилоскопировании, испытаниях строповых устройств', '11', 88900, 1, 1595860495),
(110, 4, 48, 0, 96, 1, 1, 1, 0, '/servers/media/storage/2020/0729/a898fc31e0.pdf', 'Раздел 2', '', 114005, 1, 1596016368),
(111, 5, 48, 1, 96, 1, 1, 1, 0, '/servers/media/storage/2020/0729/748fad3ea2.pdf', 'Сборочный чертеж', '', 114005, 1, 1596016613),
(112, 4, 48, 0, 96, 1, 1, 1, 0, '/servers/media/storage/2020/0729/79bd33ddee.pdf', 'Раздел 2', '', 114005, 1, 1596017492),
(113, 5, 48, 1, 96, 1, 1, 1, 1, '/servers/media/storage/2020/0729/0267abeb3f.pdf', 'Сборочный чертеж', '', 114005, 0, 1596017559),
(114, 5, 48, 2, 97, 1, 2, 1, 1, '/servers/media/storage/2020/0729/55c2a9f8c3.pdf', 'Ведомость деталей под давлением', '', 114005, 0, 1596017561),
(115, 5, 48, 3, 98, 1, 3, 1, 1, '/servers/media/storage/2020/0729/fea67096ee.pdf', 'Ведомость деталей под давлением', '', 114752, 0, 1596017565),
(116, 5, 48, 4, 99, 1, 4, 1, 2, '/servers/media/storage/2020/0729/13782c226c.pdf', 'Спецификация на аппарат', 'требуется загрузить файл повторно', 93230, 1, 1596017567),
(117, 5, 48, 5, 100, 1, 5, 1, 1, '/servers/media/storage/2020/0729/6a18d92e45.pdf', 'Ведомость деталей под давлением', '', 212831, 0, 1596017570),
(118, 5, 48, 6, 101, 1, 6, 1, 1, '/servers/media/storage/2020/0729/0f447f41fb.pdf', 'Карта измерений сосуда (эскиз) с допустимыми значениями', '', 80185, 0, 1596017572),
(119, 5, 48, 7, 102, 1, 7, 1, 1, '/servers/media/storage/2020/0729/ce5c70f6a2.pdf', 'Карта сварных соединений', '', 496437, 0, 1596017575),
(120, 5, 48, 4, 99, 1, 4, 1, 1, '/servers/media/storage/2020/0729/b86439033a.pdf', 'Спецификация на аппарат', '', 93230, 0, 1596017707),
(121, 16, 48, 8, 100, 1, 5, 1, 1, '/servers/media/storage/2020/0729/5173dd7b6e.pdf', 'Ведомость деталей под давлением с отметками БТК', '', 212831, 0, 1596017737),
(122, 16, 48, 9, 101, 1, 6, 1, 1, '/servers/media/storage/2020/0729/f999988cba.pdf', 'Карта измерений сосуда (эскиз) с фактическими значениями', '', 80185, 0, 1596017740),
(123, 16, 48, 10, 102, 1, 7, 1, 0, '/servers/media/storage/2020/0729/603334cbef.pdf', 'Сведения о фактических данных по сварным соединениям', '', 496437, 0, 1596017743),
(124, 16, 48, 11, 103, 1, 8, 1, 0, '/servers/media/storage/2020/0729/404a212aa2.pdf', 'Протоколы разрушающего контроля ЦЗЛ', '', 236961, 0, 1596017746),
(125, 16, 48, 12, 104, 1, 9, 1, 0, '/servers/media/storage/2020/0729/eca38b2b9e.pdf', 'Акт визуально-измерительного контроля', '', 69368, 0, 1596017749),
(126, 16, 48, 13, 105, 1, 10, 1, 0, '/servers/media/storage/2020/0729/98a68577c1.pdf', 'Диаграмма термообработки', '', 69368, 0, 1596017751),
(127, 16, 48, 14, 106, 1, 11, 1, 0, '/servers/media/storage/2020/0729/b323a49851.pdf', 'Акт гидравлического испытания сосуда', '', 137531, 0, 1596017754),
(128, 17, 48, 15, 102, 1, 7, 1, 0, '/servers/media/storage/2020/0729/c6371deea4.pdf', 'Технология сварки', '', 496437, 0, 1596017776),
(129, 18, 48, 16, 102, 1, 7, 1, 1, '/servers/media/storage/2020/0729/26f4cb9ffd.pdf', 'Заключения ЦЗЛ о качестве сварных соединений', '', 496437, 0, 1596017786),
(130, 18, 48, 17, 103, 1, 8, 1, 0, '/servers/media/storage/2020/0729/7d80323b9d.pdf', 'Протоколы разрушающего контроля', '', 236961, 0, 1596017788),
(131, 18, 48, 18, 104, 1, 9, 1, 0, '/servers/media/storage/2020/0729/a6fae31d75.pdf', 'Справка о стилоскопировании, испытаниях строповых устройств', '', 69368, 0, 1596017792),
(132, 4, 48, 0, 107, 1, 12, 1, 0, '/servers/media/storage/2020/0729/2ec97a9e6a.pdf', 'Раздел 11', '', 137531, 0, 1596017941),
(133, 4, 48, 0, 7, 2, 0, 1, 0, '/servers/media/storage/2020/0729/5fa16fe377.pdf', 'Раздел 2', '', 114005, 0, 1596017963),
(134, 4, 48, 0, 7, 2, 0, 1, 0, '/servers/media/storage/2020/0729/9d6c11dd36.pdf', 'Раздел 3', '', 114752, 0, 1596017966),
(135, 4, 48, 0, 96, 1, 1, 1, 0, '/servers/media/storage/2020/0730/e4131f3798.pdf', '2к_квартира-60м2-г._Москва_Хорошевское ш 12к1 1 (1)', '', 4845183, 0, 1596111775),
(136, 4, 48, 0, 96, 1, 1, 1, 0, '/servers/media/storage/2020/0730/1991a567cf.pdf', '2к_квартира-43м2-г._Москва_Береговой_д._5А_корп._6 (1)', '', 20870719, 0, 1596111785),
(137, 4, 48, 0, 96, 1, 1, 1, 0, '/servers/media/storage/2020/0730/be8eef7462.pdf', '2к_квартира-43м2-г._Москва_Береговой_д._5А_корп._6', '', 20870719, 0, 1596111796),
(138, 4, 48, 0, 96, 1, 1, 1, 0, '/servers/media/storage/2020/0730/7f7eaee48e.pdf', '2к_квартира-45м2-г._Москва_Ярцевская_д._31 АГЕНТ', '', 27346218, 0, 1596111812),
(139, 4, 48, 0, 96, 1, 1, 3, 0, '/servers/media/storage/2020/0817/c0a00819d5.xlsm', 'Ведомость_деталей_под_давлением_для_2566_74_3_ТХ003_Е_501', '', 67639, 1, 1597651236),
(140, 5, 47, 3, 86, 1, 3, 3, 2, '/servers/media/storage/2020/0905/909f9e512c.xlsx', 'Ведомость деталей под давлением', 'загрузите файл повторно', 11911, 1, 1599321689),
(141, 5, 47, 3, 86, 1, 3, 1, 1, '/servers/media/storage/2020/0905/10fe67ce0d.pdf', 'Ведомость деталей под давлением', '', 245845, 1, 1599321835),
(142, 5, 47, 3, 86, 1, 3, 3, 0, '/servers/media/storage/2020/0905/8dbb1f98d9.xlsx', 'Ведомость деталей под давлением', '', 11911, 1, 1599322218),
(143, 5, 47, 1, 84, 1, 1, 3, 0, '/servers/media/storage/2020/0905/18791ef8e1.xlsx', 'Сборочный чертеж', '', 11911, 1, 1599336576),
(144, 5, 47, 3, 86, 1, 3, 3, 1, '/servers/media/storage/2020/0905/f154ecefee.xlsx', 'Ведомость деталей под давлением', '', 11911, 0, 1599337451),
(145, 5, 47, 3, 86, 1, 3, 3, 1, '/servers/media/storage/2020/0905/2c75802551.xlsx', 'Ведомость деталей под давлением', '', 11911, 0, 1599337518),
(146, 5, 47, 1, 84, 1, 1, 3, 0, '/servers/media/storage/2020/0905/d990caf3cc.xlsx', 'Сборочный чертеж', '', 11911, 1, 1599339575),
(147, 5, 47, 1, 84, 1, 1, 3, 0, '/servers/media/storage/2020/0905/38379f70cc.xlsx', 'Сборочный чертеж', '', 11911, 1, 1599339579),
(148, 5, 47, 3, 86, 1, 3, 3, 1, '/servers/media/storage/2020/0905/26d4869c44.xlsx', 'Ведомость деталей под давлением', '', 11911, 0, 1599340336),
(149, 5, 47, 1, 84, 1, 1, 3, 0, '/servers/media/storage/2020/0905/16a36fdb2f.xlsx', 'Сборочный чертеж', '', 11911, 1, 1599340985),
(150, 5, 47, 3, 86, 1, 3, 3, 2, '/servers/media/storage/2020/0905/96a5ad6500.xlsx', 'Ведомость деталей под давлением', '1111', 11911, 1, 1599346339),
(151, 5, 47, 1, 84, 1, 1, 3, 0, '/servers/media/storage/2020/0905/8acb29e0ad.xlsx', 'Сборочный чертеж', '', 11911, 1, 1599348534),
(152, 5, 47, 1, 84, 1, 1, 3, 0, '/servers/media/storage/2020/0905/50d145c562.xlsx', 'Сборочный чертеж', '', 11911, 1, 1599348580),
(153, 5, 47, 1, 84, 1, 1, 3, 0, '/servers/media/storage/2020/0905/10ecde305a.xlsx', 'Сборочный чертеж', '', 11911, 1, 1599348620),
(154, 5, 47, 7, 90, 1, 7, 3, 0, '/servers/media/storage/2020/0905/4a999cdc87.xlsx', 'Карта сварных соединений', '', 11911, 0, 1599348628),
(155, 5, 47, 6, 89, 1, 6, 3, 0, '/servers/media/storage/2020/0905/4336cd2341.xlsx', 'Карта измерений сосуда (эскиз) с допустимыми значениями', '', 11911, 0, 1599348636),
(156, 5, 47, 5, 88, 1, 5, 3, 0, '/servers/media/storage/2020/0905/473a699c2b.xlsx', 'Ведомость деталей под давлением', '', 11911, 0, 1599348648),
(157, 5, 47, 3, 86, 1, 3, 3, 2, '/servers/media/storage/2020/0905/9128762766.xlsx', 'Ведомость деталей под давлением', 'загрузить еще раз', 11911, 1, 1599349775),
(158, 5, 47, 3, 86, 1, 3, 3, 2, '/servers/media/storage/2020/0906/4173c57380.xlsx', 'Ведомость деталей под давлением', 'загрузите еще раз', 11911, 1, 1599351335),
(159, 5, 49, 1, 108, 1, 1, 3, 1, '/servers/media/storage/2020/0906/6fb1f3fe2b.xlsx', 'Сборочный чертеж', '', 11911, 0, 1599352037),
(160, 5, 49, 2, 109, 1, 2, 3, 1, '/servers/media/storage/2020/0906/ac3ac51c28.xlsx', 'Ведомость деталей под давлением', '', 11911, 0, 1599352973),
(161, 5, 49, 3, 110, 1, 3, 3, 2, '/servers/media/storage/2020/0906/b77f234767.xlsx', 'Ведомость деталей под давлением', 'загрузите еще раз', 11911, 1, 1599353034),
(162, 5, 49, 4, 111, 1, 4, 3, 1, '/servers/media/storage/2020/0906/73363be710.xlsx', 'Спецификация на аппарат', '', 11911, 0, 1599353349),
(163, 5, 49, 3, 110, 1, 3, 3, 1, '/servers/media/storage/2020/0906/9ba7b07c88.xlsx', 'Ведомость деталей под давлением', '', 11911, 0, 1599354145),
(164, 5, 49, 6, 113, 1, 6, 3, 0, '/servers/media/storage/2020/0906/4a59cf23bd.xlsx', 'Карта измерений сосуда (эскиз) с допустимыми значениями', '', 11911, 1, 1599354297),
(165, 5, 49, 7, 114, 1, 7, 3, 0, '/servers/media/storage/2020/0906/0829fb8911.xlsx', 'Карта сварных соединений', '', 11911, 1, 1599354535),
(166, 5, 49, 7, 114, 1, 7, 3, 0, '/servers/media/storage/2020/0906/ea3b0fbfdb.xlsx', 'Карта сварных соединений', '', 11911, 1, 1599354563),
(167, 5, 49, 6, 113, 1, 6, 3, 0, '/servers/media/storage/2020/0906/244a839ea7.xlsx', 'Карта измерений сосуда (эскиз) с допустимыми значениями', '', 11911, 1, 1599354566),
(168, 5, 49, 5, 112, 1, 5, 3, 2, '/servers/media/storage/2020/0906/a27cbff756.xlsx', 'Ведомость деталей под давлением', '11', 11911, 0, 1599354568),
(169, 5, 49, 1, 108, 1, 1, 3, 0, '/servers/media/storage/2020/0906/e4edf22c7b.xlsx', 'Карта сварных соединений', '', 11911, 0, 1599355400),
(170, 5, 49, 8, 112, 1, 5, 3, 0, '/servers/media/storage/2020/0906/ecbeea0c78.xlsx', 'Карта измерений сосуда (эскиз) с допустимыми значениями', '', 11911, 1, 1599355403),
(171, 5, 47, 3, 86, 1, 3, 3, 0, '/servers/media/storage/2020/0907/e73f2412ce.xlsx', 'Ведомость деталей под давлением', '', 11911, 0, 1599466468),
(172, 5, 47, 1, 84, 1, 1, 3, 0, '/servers/media/storage/2020/0907/4d1111e574.xlsx', 'Сборочный чертеж', '', 11911, 0, 1599466478),
(173, 5, 47, 1, 84, 1, 1, 3, 0, '/servers/media/storage/2020/0907/76a11b4c73.xlsx', 'Сборочный чертеж', '', 11911, 1, 1599466484),
(174, 5, 47, 1, 84, 1, 1, 3, 0, '/servers/media/storage/2020/0907/30a17126db.xlsx', 'Сборочный чертеж', '', 11911, 0, 1599466488),
(175, 16, 49, 13, 117, 1, 10, 3, 0, '/servers/media/storage/2020/0908/7fbe1e8767.xlsx', 'Ведомость деталей под давлением с отметками БТК', '', 11911, 0, 1599529288),
(176, 5, 49, 7, 114, 3, 7, 3, 0, '/servers/media/storage/2020/0908/c6398b02a1.xlsx', 'Замечания служб', '', 11911, 0, 1599593259),
(177, 5, 49, 7, 114, 3, 7, 3, 0, '/servers/media/storage/2020/0908/570eedb058.xlsx', 'Замечания служб', '', 11911, 0, 1599593268),
(178, 18, 49, 24, 114, 3, 7, 3, 0, '/servers/media/storage/2020/0908/8179b96ee6.xlsx', 'Замечания служб', '', 11911, 0, 1599594519),
(179, 0, 49, 0, 0, 3, 0, 3, 0, '/servers/media/storage/2020/0908/5aa5b0945e.xlsx', 'Замечания служб', '', 11911, 1, 1599594994),
(180, 5, 49, 0, 0, 3, 0, 3, 0, '/servers/media/storage/2020/0908/295f8f8839.xlsx', 'Замечания служб', '', 11911, 1, 1599595594),
(181, 5, 49, 0, 0, 3, 0, 3, 0, '/servers/media/storage/2020/0908/5c740617c5.xlsx', 'Замечания служб', '', 11911, 0, 1599595612),
(182, 18, 49, 16, 114, 1, 7, 3, 0, '/servers/media/storage/2020/0910/c7fb337883.xlsx', 'Заключение по ультразвуковому контролю о качестве сварных соединений (Ультразвуковая лаборатория)', '', 11911, 0, 1599742320);

-- --------------------------------------------------------

--
-- Структура таблицы `passport_sections`
--

CREATE TABLE `passport_sections` (
  `section_id` bigint(19) UNSIGNED NOT NULL,
  `user_id` bigint(19) UNSIGNED NOT NULL DEFAULT '0',
  `passport_id` bigint(19) UNSIGNED NOT NULL DEFAULT '0',
  `template_section_id` bigint(19) UNSIGNED NOT NULL DEFAULT '0',
  `status` tinyint(1) UNSIGNED NOT NULL DEFAULT '0',
  `number` int(11) UNSIGNED NOT NULL DEFAULT '0',
  `title` varchar(255) NOT NULL DEFAULT '',
  `sort` int(11) UNSIGNED NOT NULL DEFAULT '0',
  `files` int(11) UNSIGNED NOT NULL DEFAULT '0',
  `hidden` tinyint(1) UNSIGNED NOT NULL DEFAULT '0',
  `created` int(11) UNSIGNED NOT NULL DEFAULT '0'
) ENGINE=InnoDB DEFAULT CHARSET=utf8mb4;

--
-- Дамп данных таблицы `passport_sections`
--

INSERT INTO `passport_sections` (`section_id`, `user_id`, `passport_id`, `template_section_id`, `status`, `number`, `title`, `sort`, `files`, `hidden`, `created`) VALUES
(1, 0, 8, 1, 0, 0, 'Техническая характеристика и параметры', 0, 0, 0, 1593373524),
(2, 0, 8, 0, 0, 0, 'Сведения об основных частях сосуда', 0, 0, 0, 1593373524),
(3, 0, 8, 0, 0, 0, 'Данные о штуцерах, фланцах, крышках и крепежных изделиях', 0, 0, 0, 1593373524),
(4, 0, 8, 0, 0, 0, 'Данные о предохранительных устройствах, основной арматуре', 0, 0, 0, 1593373524),
(5, 0, 8, 0, 0, 0, 'Данные об основных материалах, применяемых при изготовлении сосуда', 0, 0, 0, 1593373524),
(6, 0, 8, 0, 0, 0, 'Карта измерений корпуса сосуда', 0, 0, 0, 1593373524),
(7, 0, 8, 0, 0, 0, 'Данные о сварке и неразрушающем контроле сварных соединений', 0, 0, 0, 1593373524),
(8, 0, 8, 0, 0, 0, 'Результаты испытаний и исследований контрольных сварных соединений', 0, 0, 0, 1593373524),
(9, 0, 8, 0, 0, 0, 'Данные о других испытаниях и исследованиях', 0, 0, 0, 1593373524),
(10, 0, 8, 0, 0, 0, 'Данные о термообработке', 0, 0, 0, 1593373524),
(11, 0, 8, 0, 0, 0, 'Данные о гидравлическом испытании', 0, 0, 0, 1593373524),
(12, 0, 8, 0, 0, 0, 'Заключение', 0, 0, 0, 1593373524),
(13, 0, 8, 0, 0, 0, 'Результаты испытаний и исследований контрольных сварных соединений', 0, 0, 0, 1593373524),
(14, 0, 8, 0, 0, 0, '12345', 0, 0, 1, 1593562131),
(15, 0, 8, 0, 0, 0, '123', 0, 0, 1, 1593562691),
(16, 0, 8, 0, 0, 0, '1111', 0, 0, 1, 1593562737),
(17, 0, 8, 0, 0, 0, '222', 0, 0, 1, 1593562783),
(18, 0, 8, 0, 0, 0, '111', 0, 0, 1, 1593563919),
(19, 0, 7, 0, 0, 0, '111', 0, 0, 0, 1593564568),
(20, 0, 21, 0, 0, 0, 'Техническая характеристика и параметры', 0, 0, 0, 1593574791),
(21, 0, 21, 0, 0, 0, 'Сведения об основных частях сосуда', 0, 0, 0, 1593574791),
(22, 0, 21, 0, 0, 0, 'Данные о штуцерах, фланцах, крышках и крепежных изделиях', 0, 0, 0, 1593574791),
(23, 0, 21, 0, 0, 0, 'Данные о предохранительных устройствах, основной арматуре', 0, 0, 0, 1593574791),
(24, 0, 21, 0, 0, 0, 'Данные об основных материалах, применяемых при изготовлении сосуда', 0, 0, 0, 1593574791),
(25, 0, 21, 0, 0, 0, 'Карта измерений корпуса сосуда', 0, 0, 0, 1593574791),
(26, 0, 21, 0, 0, 0, 'Данные о сварке и неразрушающем контроле сварных соединений', 0, 0, 0, 1593574791),
(27, 0, 21, 0, 0, 0, 'Результаты испытаний и исследований контрольных сварных соединений', 0, 0, 0, 1593574791),
(28, 0, 21, 0, 0, 0, 'Данные о других испытаниях и исследованиях', 0, 0, 0, 1593574791),
(29, 0, 21, 0, 0, 0, 'Данные о термообработке', 0, 0, 0, 1593574791),
(30, 0, 21, 0, 0, 0, 'Данные о гидравлическом испытании', 0, 0, 0, 1593574791),
(31, 0, 21, 0, 0, 0, 'Заключение', 0, 0, 0, 1593574791),
(32, 0, 21, 0, 0, 0, 'Результаты испытаний и исследований контрольных сварных соединений', 0, 0, 0, 1593574791),
(33, 0, 22, 0, 0, 0, 'Техническая характеристика и параметры', 0, 0, 0, 1593574841),
(34, 0, 22, 0, 0, 0, 'Сведения об основных частях сосуда', 0, 0, 0, 1593574841),
(35, 0, 22, 0, 0, 0, 'Данные о штуцерах, фланцах, крышках и крепежных изделиях', 0, 0, 0, 1593574841),
(36, 0, 22, 0, 0, 0, 'Данные о предохранительных устройствах, основной арматуре', 0, 0, 0, 1593574841),
(37, 0, 22, 0, 0, 0, 'Данные об основных материалах, применяемых при изготовлении сосуда', 0, 0, 0, 1593574841),
(38, 0, 22, 0, 0, 0, 'Карта измерений корпуса сосуда', 0, 0, 0, 1593574841),
(39, 0, 22, 0, 0, 0, 'Данные о сварке и неразрушающем контроле сварных соединений', 0, 0, 0, 1593574841),
(40, 0, 22, 0, 0, 0, 'Результаты испытаний и исследований контрольных сварных соединений', 0, 0, 0, 1593574841),
(41, 0, 22, 0, 0, 0, 'Данные о других испытаниях и исследованиях', 0, 0, 0, 1593574841),
(42, 0, 22, 0, 0, 0, 'Данные о термообработке', 0, 0, 0, 1593574841),
(43, 0, 22, 0, 0, 0, 'Данные о гидравлическом испытании', 0, 0, 0, 1593574841),
(44, 0, 22, 0, 0, 0, 'Заключение', 0, 0, 0, 1593574841),
(45, 0, 22, 0, 0, 0, 'Результаты испытаний и исследований контрольных сварных соединений', 0, 0, 0, 1593574841),
(46, 4, 44, 1, 1, 0, 'Техническая характеристика и параметры', 0, 3, 0, 1594122923),
(47, 0, 44, 2, 0, 0, 'Сведения об основных частях сосуда', 0, 0, 0, 1594122923),
(48, 0, 44, 3, 0, 0, 'Данные о штуцерах, фланцах, крышках и крепежных изделиях', 0, 0, 0, 1594122923),
(49, 0, 44, 4, 0, 0, 'Данные о предохранительных устройствах, основной арматуре', 0, 0, 0, 1594122923),
(50, 0, 44, 5, 0, 0, 'Данные об основных материалах, применяемых при изготовлении сосуда', 0, 0, 0, 1594122923),
(51, 0, 44, 6, 0, 0, 'Карта измерений корпуса сосуда', 0, 0, 0, 1594122923),
(52, 0, 44, 7, 0, 0, 'Данные о сварке и неразрушающем контроле сварных соединений', 0, 0, 0, 1594122923),
(53, 0, 44, 8, 0, 0, 'Результаты испытаний и исследований контрольных сварных соединений', 0, 0, 0, 1594122923),
(54, 0, 44, 9, 0, 0, 'Данные о других испытаниях и исследованиях', 0, 0, 0, 1594122923),
(55, 0, 44, 10, 0, 0, 'Данные о термообработке', 0, 0, 0, 1594122923),
(56, 0, 44, 11, 0, 0, 'Данные о гидравлическом испытании', 0, 0, 0, 1594122923),
(57, 0, 44, 12, 0, 0, 'Заключение', 0, 0, 0, 1594122923),
(58, 0, 44, 13, 0, 0, 'Результаты испытаний и исследований контрольных сварных соединений', 0, 0, 0, 1594122923),
(59, 0, 45, 1, 0, 0, 'Техническая характеристика и параметры', 0, 0, 0, 1594921911),
(60, 0, 45, 2, 0, 0, 'Сведения об основных частях сосуда', 0, 0, 0, 1594921911),
(61, 0, 45, 3, 0, 0, 'Данные о штуцерах, фланцах, крышках и крепежных изделиях', 0, 0, 0, 1594921911),
(62, 0, 45, 4, 0, 0, 'Данные о предохранительных устройствах, основной арматуре', 0, 0, 0, 1594921911),
(63, 0, 45, 5, 0, 0, 'Данные об основных материалах, применяемых при изготовлении сосуда', 0, 0, 0, 1594921911),
(64, 0, 45, 6, 0, 0, 'Карта измерений корпуса сосуда', 0, 0, 0, 1594921911),
(65, 0, 45, 7, 0, 0, 'Данные о сварке и неразрушающем контроле сварных соединений', 0, 0, 0, 1594921911),
(66, 0, 45, 8, 0, 0, 'Результаты испытаний и исследований контрольных сварных соединений', 0, 0, 0, 1594921911),
(67, 0, 45, 9, 0, 0, 'Данные о других испытаниях и исследованиях', 0, 0, 0, 1594921911),
(68, 0, 45, 10, 0, 0, 'Данные о термообработке', 0, 0, 0, 1594921911),
(69, 0, 45, 11, 0, 0, 'Данные о гидравлическом испытании', 0, 0, 0, 1594921911),
(70, 0, 45, 12, 0, 0, 'Заключение', 0, 0, 0, 1594921911),
(71, 0, 45, 13, 0, 0, 'Результаты испытаний и исследований контрольных сварных соединений', 0, 0, 0, 1594921911),
(72, 5, 46, 1, 1, 1, 'Техническая характеристика и параметры', 0, 6, 0, 1594940628),
(73, 0, 46, 2, 2, 2, 'Сведения об основных частях сосуда', 0, 1, 0, 1594940628),
(74, 0, 46, 3, 2, 3, 'Данные о штуцерах, фланцах, крышках и крепежных изделиях', 0, 1, 0, 1594940628),
(75, 0, 46, 4, 0, 4, 'Данные о предохранительных устройствах, основной арматуре', 0, 0, 0, 1594940628),
(76, 0, 46, 5, 0, 5, 'Данные об основных материалах, применяемых при изготовлении сосуда', 0, 0, 0, 1594940628),
(77, 0, 46, 6, 0, 6, 'Карта измерений корпуса сосуда', 0, 0, 0, 1594940628),
(78, 0, 46, 7, 0, 7, 'Данные о сварке и неразрушающем контроле сварных соединений', 0, 0, 0, 1594940628),
(79, 0, 46, 8, 0, 8, 'Результаты испытаний и исследований контрольных сварных соединений', 0, 0, 0, 1594940628),
(80, 0, 46, 9, 0, 9, 'Данные о других испытаниях и исследованиях', 0, 0, 0, 1594940628),
(81, 0, 46, 10, 0, 10, 'Данные о термообработке', 0, 0, 0, 1594940628),
(82, 0, 46, 11, 0, 11, 'Данные о гидравлическом испытании', 0, 0, 0, 1594940628),
(83, 0, 46, 12, 0, 12, 'Заключение', 0, 0, 0, 1594940628),
(84, 5, 47, 1, 1, 1, 'Техническая характеристика и параметры', 0, 2, 0, 1594955132),
(85, 3, 47, 2, 2, 2, 'Сведения об основных частях сосуда', 0, 1, 0, 1594955132),
(86, 5, 47, 3, 1, 3, 'Данные о штуцерах, фланцах, крышках и крепежных изделиях', 0, 5, 0, 1594955132),
(87, 3, 47, 4, 2, 4, 'Данные о предохранительных устройствах, основной арматуре', 0, 1, 0, 1594955132),
(88, 5, 47, 5, 1, 5, 'Данные об основных материалах, применяемых при изготовлении сосуда', 0, 2, 0, 1594955132),
(89, 5, 47, 6, 1, 6, 'Карта измерений корпуса сосуда', 0, 2, 0, 1594955132),
(90, 5, 47, 7, 1, 7, 'Данные о сварке и неразрушающем контроле сварных соединений', 0, 4, 0, 1594955132),
(91, 18, 47, 8, 1, 8, 'Результаты испытаний и исследований контрольных сварных соединений', 0, 2, 0, 1594955132),
(92, 18, 47, 9, 1, 9, 'Данные о других испытаниях и исследованиях', 0, 1, 0, 1594955132),
(93, 3, 47, 10, 2, 10, 'Данные о термообработке', 0, 1, 0, 1594955132),
(94, 3, 47, 11, 2, 11, 'Данные о гидравлическом испытании', 0, 1, 0, 1594955132),
(95, 0, 47, 12, 0, 12, 'Заключение', 0, 0, 0, 1594955132),
(96, 4, 48, 1, 1, 1, 'Техническая характеристика и параметры', 0, 5, 0, 1594955681),
(97, 5, 48, 2, 1, 2, 'Сведения об основных частях сосуда', 0, 1, 0, 1594955681),
(98, 5, 48, 3, 1, 3, 'Данные о штуцерах, фланцах, крышках и крепежных изделиях', 0, 1, 0, 1594955681),
(99, 5, 48, 4, 1, 4, 'Данные о предохранительных устройствах, основной арматуре', 0, 1, 0, 1594955681),
(100, 16, 48, 5, 1, 5, 'Данные об основных материалах, применяемых при изготовлении сосуда', 0, 2, 0, 1594955681),
(101, 16, 48, 6, 1, 6, 'Карта измерений корпуса сосуда', 0, 2, 0, 1594955681),
(102, 18, 48, 7, 1, 7, 'Данные о сварке и неразрушающем контроле сварных соединений', 0, 4, 0, 1594955681),
(103, 18, 48, 8, 1, 8, 'Результаты испытаний и исследований контрольных сварных соединений', 0, 2, 0, 1594955681),
(104, 18, 48, 9, 1, 9, 'Данные о других испытаниях и исследованиях', 0, 2, 0, 1594955681),
(105, 16, 48, 10, 1, 10, 'Данные о термообработке', 0, 1, 0, 1594955681),
(106, 16, 48, 11, 1, 11, 'Данные о гидравлическом испытании', 0, 1, 0, 1594955681),
(107, 4, 48, 12, 1, 12, 'Заключение', 0, 1, 0, 1594955681),
(108, 5, 49, 1, 1, 1, 'Техническая характеристика и параметры', 0, 1, 0, 1599351985),
(109, 5, 49, 2, 1, 2, 'Сведения об основных частях сосуда', 0, 1, 0, 1599351985),
(110, 5, 49, 3, 1, 3, 'Данные о штуцерах, фланцах, крышках и крепежных изделиях', 0, 1, 0, 1599351985),
(111, 5, 49, 4, 1, 4, 'Данные о предохранительных устройствах, основной арматуре', 0, 1, 0, 1599351985),
(112, 16, 49, 5, 1, 5, 'Данные об основных материалах, применяемых при изготовлении сосуда', 0, 2, 0, 1599351985),
(113, 5, 49, 6, 1, 6, 'Карта измерений корпуса сосуда', 0, 1, 0, 1599351985),
(114, 18, 49, 7, 1, 7, 'Данные о сварке и неразрушающем контроле сварных соединений', 0, 1, 0, 1599351985),
(115, 0, 49, 8, 0, 8, 'Результаты испытаний и исследований контрольных сварных соединений', 0, 0, 0, 1599351985),
(116, 0, 49, 9, 0, 9, 'Данные о других испытаниях и исследованиях', 0, 0, 0, 1599351985),
(117, 0, 49, 10, 0, 10, 'Данные о термообработке', 0, 0, 0, 1599351985),
(118, 0, 49, 11, 0, 11, 'Данные о гидравлическом испытании', 0, 0, 0, 1599351985),
(119, 0, 49, 12, 0, 12, 'Заключение', 0, 0, 0, 1599351985);

-- --------------------------------------------------------

--
-- Структура таблицы `passport_templates`
--

CREATE TABLE `passport_templates` (
  `template_id` bigint(19) UNSIGNED NOT NULL,
  `title` varchar(255) NOT NULL DEFAULT '',
  `hidden` tinyint(1) UNSIGNED NOT NULL DEFAULT '0',
  `created` int(11) UNSIGNED NOT NULL DEFAULT '0'
) ENGINE=InnoDB DEFAULT CHARSET=utf8mb4;

--
-- Дамп данных таблицы `passport_templates`
--

INSERT INTO `passport_templates` (`template_id`, `title`, `hidden`, `created`) VALUES
(1, 'ГОСТ 34347-2017 Приложение Т', 0, 1593573651);

-- --------------------------------------------------------

--
-- Структура таблицы `passport_template_files`
--

CREATE TABLE `passport_template_files` (
  `id` bigint(19) UNSIGNED NOT NULL,
  `group_id` bigint(19) UNSIGNED NOT NULL DEFAULT '0',
  `sub_number` int(11) UNSIGNED NOT NULL DEFAULT '0',
  `title` varchar(255) NOT NULL DEFAULT ''
) ENGINE=InnoDB DEFAULT CHARSET=utf8mb4;

--
-- Дамп данных таблицы `passport_template_files`
--

INSERT INTO `passport_template_files` (`id`, `group_id`, `sub_number`, `title`) VALUES
(1, 2, 1, 'Сборочный чертеж'),
(2, 2, 2, 'Ведомость деталей под давлением'),
(3, 2, 3, 'Ведомость деталей под давлением'),
(4, 2, 4, 'Спецификация на аппарат'),
(5, 2, 5, 'Ведомость деталей под давлением'),
(6, 2, 6, 'Карта измерений сосуда (эскиз) с допустимыми значениями'),
(7, 2, 7, 'Карта сварных соединений'),
(8, 3, 5, 'Ведомость деталей под давлением с отметками БТК'),
(9, 3, 6, 'Карта измерений сосуда (эскиз) с фактическими значениями'),
(10, 3, 7, 'Сведения о фактических данных по сварным соединениям'),
(11, 3, 8, 'Протоколы разрушающего контроля ЦЗЛ'),
(12, 3, 9, 'Акт визуально-измерительного контроля'),
(13, 3, 10, 'Диаграмма термообработки'),
(14, 3, 11, 'Акт гидравлического испытания сосуда'),
(15, 4, 7, 'Технология сварки'),
(16, 5, 7, 'Заключение по ультразвуковому контролю о качестве сварных соединений (Ультразвуковая лаборатория)'),
(17, 5, 8, 'Протокол по результатам механических испытаний (Механическая лаборатория)'),
(18, 5, 9, 'Справка об испытаниях строповых устройств (Химическая лаборатория)'),
(19, 1, 1, 'Перечень документов на основании которых делается аппарат'),
(20, 5, 7, 'Заключение по радиографическому контролю о качестве сварных соединений (Рентгеногаммографическая лаборатория)'),
(21, 5, 7, 'Заключение по цветной дефектоскопии о качестве сварных соединений (лаборатория МГиЖК)'),
(22, 5, 7, 'Заключение по магнитопорошковой дефектоскопии о качестве сварных соединений (лаборатория МГиЖК)'),
(23, 5, 7, 'Заключение по люминесцентному контролю о качестве сварных соединений (лаборатория МГиЖК)'),
(24, 5, 7, 'Заключение по визуальному и измерительному контролю о качестве сварных соединений (служба ОТК)'),
(25, 5, 7, 'Заключение по масс-спектрометрическому контролю о качестве сварных соединений (лаборатория МГиЖК)'),
(26, 5, 8, 'Справка о результатах химического анализа и межкристаллитной коррозии (Химическая лаборатория)'),
(27, 5, 8, 'Справка по результатам металлографических исследований (Металлографическая лаборатория)'),
(28, 5, 9, 'Справка по результатам стилоскопирования (Спектральная лаборатория)');

-- --------------------------------------------------------

--
-- Структура таблицы `passport_template_sections`
--

CREATE TABLE `passport_template_sections` (
  `section_id` bigint(19) UNSIGNED NOT NULL,
  `template_id` bigint(19) UNSIGNED NOT NULL DEFAULT '0',
  `number` int(11) UNSIGNED NOT NULL DEFAULT '0',
  `title` varchar(255) NOT NULL DEFAULT '',
  `sort` int(11) UNSIGNED NOT NULL DEFAULT '0',
  `hidden` tinyint(1) UNSIGNED NOT NULL DEFAULT '0',
  `created` int(11) UNSIGNED NOT NULL DEFAULT '0'
) ENGINE=InnoDB DEFAULT CHARSET=utf8mb4;

--
-- Дамп данных таблицы `passport_template_sections`
--

INSERT INTO `passport_template_sections` (`section_id`, `template_id`, `number`, `title`, `sort`, `hidden`, `created`) VALUES
(1, 1, 1, 'Техническая характеристика и параметры', 0, 0, 1593573651),
(2, 1, 2, 'Сведения об основных частях сосуда', 0, 0, 1593573651),
(3, 1, 3, 'Данные о штуцерах, фланцах, крышках и крепежных изделиях', 0, 0, 1593573651),
(4, 1, 4, 'Данные о предохранительных устройствах, основной арматуре', 0, 0, 1593573651),
(5, 1, 5, 'Данные об основных материалах, применяемых при изготовлении сосуда', 0, 0, 1593573651),
(6, 1, 6, 'Карта измерений корпуса сосуда', 0, 0, 1593573651),
(7, 1, 7, 'Данные о сварке и неразрушающем контроле сварных соединений', 0, 0, 1593573651),
(8, 1, 8, 'Результаты испытаний и исследований контрольных сварных соединений', 0, 0, 1593573651),
(9, 1, 9, 'Данные о других испытаниях и исследованиях', 0, 0, 1593573651),
(10, 1, 10, 'Данные о термообработке', 0, 0, 1593573651),
(11, 1, 11, 'Данные о гидравлическом испытании', 0, 0, 1593573651),
(12, 1, 12, 'Заключение', 0, 0, 1593573651);

-- --------------------------------------------------------

--
-- Структура таблицы `picks`
--

CREATE TABLE `picks` (
  `pick_id` bigint(19) UNSIGNED NOT NULL,
  `company_id` bigint(19) UNSIGNED NOT NULL DEFAULT '0',
  `user_id` bigint(19) UNSIGNED NOT NULL DEFAULT '0',
  `status` tinyint(1) UNSIGNED NOT NULL DEFAULT '0',
  `count_products` int(11) UNSIGNED NOT NULL DEFAULT '0',
  `created` int(11) UNSIGNED NOT NULL DEFAULT '0'
) ENGINE=InnoDB DEFAULT CHARSET=utf8mb4;

--
-- Дамп данных таблицы `picks`
--

INSERT INTO `picks` (`pick_id`, `company_id`, `user_id`, `status`, `count_products`, `created`) VALUES
(1, 4, 3, 0, 2, 1600089402),
(2, 4, 3, 0, 2, 1600089402),
(3, 4, 3, 0, 2, 1600089402),
(4, 4, 3, 0, 2, 1600089402),
(5, 4, 3, 0, 2, 1600089402),
(6, 4, 3, 0, 2, 1600089402),
(7, 4, 3, 0, 2, 1600089402),
(8, 4, 3, 0, 2, 1600089402),
(9, 4, 3, 0, 2, 1600089402),
(10, 4, 3, 0, 2, 1600089402),
(11, 4, 3, 0, 2, 1600089402),
(12, 4, 3, 0, 2, 1600089402),
(13, 4, 3, 0, 2, 1600089402),
(14, 4, 3, 0, 2, 1600089402),
(15, 4, 3, 0, 2, 1600089402),
(16, 4, 3, 0, 2, 1600089402),
(17, 4, 3, 0, 2, 1600089402),
(18, 4, 3, 0, 2, 1600089402),
(19, 4, 3, 0, 2, 1600089402),
(20, 4, 3, 0, 2, 1600089402),
(21, 4, 3, 0, 2, 1600089402),
(22, 4, 3, 0, 2, 1600089402),
(23, 4, 3, 0, 2, 1600089402),
(24, 4, 3, 0, 2, 1600089402),
(25, 4, 3, 0, 2, 1600089402),
(26, 4, 3, 0, 2, 1600089402),
(27, 4, 3, 0, 2, 1600089402),
(28, 4, 3, 0, 2, 1600089402),
(29, 4, 3, 0, 2, 1600089402),
(30, 4, 3, 0, 2, 1600089402),
(31, 4, 3, 0, 2, 1600089402),
(32, 4, 3, 0, 2, 1600089402),
(33, 4, 3, 0, 2, 1600089402),
(34, 4, 3, 0, 2, 1600089402),
(35, 4, 3, 0, 2, 1600089402),
(36, 4, 3, 0, 2, 1600089402),
(37, 4, 3, 0, 2, 1600089402),
(38, 4, 3, 0, 2, 1600089402),
(39, 4, 3, 0, 2, 1600089402),
(40, 4, 3, 0, 2, 1600089402),
(41, 4, 3, 0, 2, 1600089402),
(42, 4, 3, 0, 2, 1600089402),
(43, 4, 3, 0, 2, 1600089402),
(44, 4, 3, 0, 2, 1600089402),
(45, 4, 3, 0, 2, 1600089402),
(46, 4, 3, 0, 2, 1600089402),
(47, 4, 3, 0, 2, 1600089402),
(48, 4, 3, 0, 2, 1600089402),
(49, 4, 3, 0, 2, 1600089402),
(50, 4, 3, 0, 2, 1600089402),
(51, 4, 3, 0, 2, 1600089402),
(52, 4, 3, 0, 2, 1600089402),
(53, 4, 3, 0, 2, 1600089402),
(54, 4, 3, 0, 2, 1600089402),
(55, 4, 3, 0, 2, 1600089402),
(56, 4, 3, 0, 2, 1600089402),
(57, 4, 3, 0, 2, 1600089402),
(58, 4, 3, 0, 2, 1600089402),
(59, 4, 3, 0, 2, 1600089402),
(60, 4, 3, 0, 2, 1600089402),
(61, 4, 3, 0, 2, 1600089402),
(62, 4, 3, 0, 2, 1600089402),
(63, 4, 3, 0, 2, 1600089402),
(64, 4, 3, 0, 2, 1600089402),
(65, 4, 3, 0, 2, 1600089402),
(66, 4, 3, 0, 2, 1600089402),
(67, 4, 3, 0, 2, 1600089402),
(68, 4, 3, 0, 2, 1600089402),
(69, 4, 3, 0, 2, 1600089402),
(70, 4, 3, 0, 2, 1600089402),
(71, 4, 3, 0, 2, 1600089402),
(72, 4, 3, 0, 2, 1600089402),
(73, 4, 3, 0, 2, 1600089402),
(74, 4, 3, 0, 2, 1600089402),
(75, 4, 3, 0, 2, 1600089402),
(76, 4, 3, 0, 2, 1600089402),
(77, 4, 3, 0, 2, 1600089402),
(78, 4, 3, 0, 2, 1600089402),
(79, 4, 3, 0, 2, 1600089402),
(80, 4, 3, 0, 2, 1600089402),
(81, 4, 3, 0, 2, 1600089402),
(82, 4, 3, 0, 2, 1600089402),
(83, 4, 3, 0, 2, 1600089402),
(84, 4, 3, 0, 2, 1600089402),
(85, 4, 3, 0, 2, 1600089402),
(86, 4, 3, 0, 2, 1600089402),
(87, 4, 3, 0, 2, 1600089402),
(88, 4, 3, 0, 2, 1600089402),
(89, 4, 3, 0, 2, 1600089402),
(90, 4, 3, 0, 2, 1600089402),
(91, 4, 3, 0, 2, 1600089402),
(92, 4, 3, 0, 2, 1600089402),
(93, 4, 3, 0, 2, 1600089402),
(94, 4, 3, 0, 2, 1600089402),
(95, 4, 3, 0, 2, 1600089402),
(96, 4, 3, 0, 2, 1600089402),
(97, 4, 3, 0, 2, 1600089402),
(98, 4, 3, 0, 2, 1600089402),
(99, 4, 3, 0, 2, 1600089402),
(100, 4, 3, 0, 2, 1600089402),
(101, 4, 3, 0, 2, 1600089402),
(102, 4, 3, 0, 2, 1600089402),
(103, 4, 3, 0, 2, 1600089402),
(104, 4, 3, 0, 2, 1600089402),
(105, 4, 3, 0, 2, 1600089402),
(106, 4, 3, 0, 2, 1600089402),
(107, 4, 3, 0, 2, 1600089402),
(108, 4, 3, 0, 2, 1600089402),
(109, 4, 3, 0, 2, 1600089402),
(110, 4, 3, 0, 2, 1600089402),
(111, 4, 3, 0, 2, 1600089402),
(112, 4, 3, 0, 2, 1600089402),
(113, 4, 3, 0, 2, 1600089402),
(114, 4, 3, 0, 2, 1600089402),
(115, 4, 3, 0, 2, 1600089402),
(116, 4, 3, 0, 2, 1600089402),
(117, 4, 3, 0, 2, 1600089402),
(118, 4, 3, 0, 2, 1600089402),
(119, 4, 3, 0, 2, 1600089402),
(120, 4, 3, 0, 2, 1600089402),
(121, 4, 3, 0, 2, 1600089402),
(122, 4, 3, 0, 2, 1600089402),
(123, 4, 3, 0, 2, 1600089402),
(124, 4, 3, 0, 2, 1600089402),
(125, 4, 3, 0, 2, 1600089402),
(126, 4, 3, 0, 2, 1600089402),
(127, 4, 3, 0, 2, 1600089402),
(128, 4, 3, 0, 2, 1600089402),
(129, 4, 3, 0, 2, 1600201750),
(130, 4, 3, 0, 2, 1600201835);

-- --------------------------------------------------------

--
-- Структура таблицы `pick_products`
--

CREATE TABLE `pick_products` (
  `id` bigint(19) UNSIGNED NOT NULL,
  `user_id` bigint(19) UNSIGNED NOT NULL DEFAULT '0',
  `pick_id` bigint(19) UNSIGNED NOT NULL DEFAULT '0',
  `product_id` bigint(19) UNSIGNED NOT NULL DEFAULT '0',
  `created` int(11) UNSIGNED NOT NULL DEFAULT '0'
) ENGINE=InnoDB DEFAULT CHARSET=utf8mb4;

--
-- Дамп данных таблицы `pick_products`
--

INSERT INTO `pick_products` (`id`, `user_id`, `pick_id`, `product_id`, `created`) VALUES
(1, 3, 1, 462, 1591809998),
(2, 3, 1, 274, 1591809998),
(3, 3, 2, 462, 1591810199),
(4, 3, 2, 274, 1591810199),
(5, 3, 3, 462, 1591810225),
(6, 3, 3, 274, 1591810225),
(7, 3, 4, 462, 1591810228),
(8, 3, 4, 274, 1591810228),
(9, 3, 5, 462, 1591810230),
(10, 3, 5, 274, 1591810230),
(11, 3, 6, 462, 1591810337),
(12, 3, 6, 274, 1591810337),
(13, 3, 7, 462, 1591810428),
(14, 3, 7, 274, 1591810428),
(15, 3, 8, 462, 1591810612),
(16, 3, 8, 274, 1591810612),
(17, 3, 9, 462, 1592050854),
(18, 3, 9, 274, 1592050854),
(19, 3, 10, 462, 1592051867),
(20, 3, 10, 274, 1592051867),
(21, 3, 11, 462, 1592051906),
(22, 3, 11, 274, 1592051906),
(23, 3, 12, 462, 1592051947),
(24, 3, 12, 274, 1592051947),
(25, 3, 13, 462, 1592052026),
(26, 3, 13, 274, 1592052026),
(27, 3, 14, 462, 1592052352),
(28, 3, 14, 274, 1592052352),
(29, 3, 15, 462, 1592052438),
(30, 3, 15, 274, 1592052438),
(31, 3, 16, 462, 1592052535),
(32, 3, 16, 274, 1592052535),
(33, 3, 17, 462, 1592052548),
(34, 3, 17, 274, 1592052548),
(35, 3, 18, 462, 1592052592),
(36, 3, 18, 274, 1592052592),
(37, 3, 19, 462, 1592052681),
(38, 3, 19, 274, 1592052681),
(39, 3, 20, 462, 1592052904),
(40, 3, 20, 274, 1592052904),
(41, 3, 21, 462, 1592052939),
(42, 3, 21, 274, 1592052939),
(43, 3, 22, 462, 1592052960),
(44, 3, 22, 274, 1592052960),
(45, 3, 23, 462, 1592052993),
(46, 3, 23, 274, 1592052993),
(47, 3, 24, 462, 1592053030),
(48, 3, 24, 274, 1592053030),
(49, 3, 25, 462, 1592053070),
(50, 3, 25, 274, 1592053070),
(51, 3, 26, 462, 1592053191),
(52, 3, 26, 274, 1592053191),
(53, 3, 27, 462, 1592054050),
(54, 3, 27, 274, 1592054050),
(55, 3, 28, 462, 1592054058),
(56, 3, 28, 274, 1592054058),
(57, 3, 29, 462, 1592054066),
(58, 3, 29, 274, 1592054066),
(59, 3, 30, 462, 1592054080),
(60, 3, 30, 274, 1592054080),
(61, 3, 31, 462, 1592054123),
(62, 3, 31, 274, 1592054123),
(63, 3, 32, 462, 1592054131),
(64, 3, 32, 274, 1592054131),
(65, 3, 33, 462, 1592054156),
(66, 3, 33, 274, 1592054156),
(67, 3, 34, 462, 1592054176),
(68, 3, 34, 274, 1592054176),
(69, 3, 35, 462, 1592054203),
(70, 3, 35, 274, 1592054203),
(71, 3, 36, 462, 1592054279),
(72, 3, 36, 274, 1592054279),
(73, 3, 37, 462, 1592054290),
(74, 3, 37, 274, 1592054290),
(75, 3, 38, 462, 1592054318),
(76, 3, 38, 274, 1592054318),
(77, 3, 39, 462, 1592054466),
(78, 3, 39, 274, 1592054466),
(79, 3, 40, 462, 1592054485),
(80, 3, 40, 274, 1592054485),
(81, 3, 41, 462, 1592054514),
(82, 3, 41, 274, 1592054514),
(83, 3, 42, 462, 1592054527),
(84, 3, 42, 274, 1592054527),
(85, 3, 43, 462, 1592054584),
(86, 3, 43, 274, 1592054584),
(87, 3, 44, 462, 1592054600),
(88, 3, 44, 274, 1592054600),
(89, 3, 45, 462, 1592054608),
(90, 3, 45, 274, 1592054608),
(91, 3, 46, 462, 1592054619),
(92, 3, 46, 274, 1592054619),
(93, 3, 47, 462, 1592054669),
(94, 3, 47, 274, 1592054669),
(95, 3, 48, 462, 1592054722),
(96, 3, 48, 274, 1592054722),
(97, 3, 49, 462, 1592054769),
(98, 3, 49, 274, 1592054769),
(99, 3, 50, 462, 1592054780),
(100, 3, 50, 274, 1592054780),
(101, 3, 51, 462, 1592054788),
(102, 3, 51, 274, 1592054788),
(103, 3, 52, 462, 1592054796),
(104, 3, 52, 274, 1592054796),
(105, 3, 53, 462, 1592054816),
(106, 3, 53, 274, 1592054816),
(107, 3, 54, 462, 1592055407),
(108, 3, 54, 274, 1592055407),
(109, 3, 55, 462, 1592057224),
(110, 3, 55, 274, 1592057224),
(111, 3, 56, 462, 1592057270),
(112, 3, 56, 274, 1592057270),
(113, 3, 57, 462, 1592057336),
(114, 3, 57, 274, 1592057336),
(115, 3, 58, 462, 1592057647),
(116, 3, 58, 274, 1592057647),
(117, 3, 59, 462, 1592057768),
(118, 3, 59, 274, 1592057768),
(119, 3, 60, 462, 1592057821),
(120, 3, 60, 274, 1592057821),
(121, 3, 61, 462, 1592058087),
(122, 3, 61, 274, 1592058087),
(123, 3, 62, 462, 1592061102),
(124, 3, 62, 274, 1592061102),
(125, 3, 63, 462, 1592061120),
(126, 3, 63, 274, 1592061120),
(127, 3, 64, 462, 1592061127),
(128, 3, 64, 274, 1592061127),
(129, 3, 65, 462, 1592061176),
(130, 3, 65, 274, 1592061176),
(131, 3, 66, 462, 1592061281),
(132, 3, 66, 274, 1592061281),
(133, 3, 67, 462, 1592061346),
(134, 3, 67, 274, 1592061346),
(135, 3, 68, 462, 1592061414),
(136, 3, 68, 274, 1592061414),
(137, 3, 69, 462, 1592061473),
(138, 3, 69, 274, 1592061473),
(139, 3, 70, 462, 1592061571),
(140, 3, 70, 274, 1592061571),
(141, 3, 71, 462, 1592061782),
(142, 3, 71, 274, 1592061782),
(143, 3, 72, 462, 1592062065),
(144, 3, 72, 274, 1592062065),
(145, 3, 73, 1059, 1592185015),
(146, 3, 73, 1058, 1592185015),
(147, 3, 74, 1059, 1592185061),
(148, 3, 74, 1058, 1592185061),
(149, 3, 75, 1059, 1592185081),
(150, 3, 75, 1058, 1592185081),
(151, 3, 76, 462, 1592185162),
(152, 3, 76, 274, 1592185162),
(153, 3, 77, 462, 1592185230),
(154, 3, 77, 274, 1592185230),
(155, 3, 78, 462, 1592185317),
(156, 3, 78, 274, 1592185317),
(157, 3, 79, 462, 1592185373),
(158, 3, 79, 274, 1592185373),
(159, 3, 80, 462, 1592185442),
(160, 3, 80, 274, 1592185442),
(161, 3, 81, 462, 1592185457),
(162, 3, 81, 274, 1592185457),
(163, 3, 82, 462, 1592185476),
(164, 3, 82, 274, 1592185476),
(165, 3, 83, 462, 1592185497),
(166, 3, 83, 274, 1592185497),
(167, 3, 84, 462, 1592185564),
(168, 3, 84, 274, 1592185564),
(169, 3, 85, 462, 1592185641),
(170, 3, 85, 274, 1592185641),
(171, 3, 86, 462, 1592185709),
(172, 3, 86, 274, 1592185709),
(173, 3, 87, 462, 1592185734),
(174, 3, 87, 274, 1592185734),
(175, 3, 88, 462, 1592185937),
(176, 3, 88, 274, 1592185937),
(177, 3, 89, 462, 1592185976),
(178, 3, 89, 274, 1592185976),
(179, 3, 90, 462, 1592186135),
(180, 3, 90, 274, 1592186135),
(181, 3, 91, 462, 1592186166),
(182, 3, 91, 274, 1592186166),
(183, 3, 92, 462, 1592186236),
(184, 3, 92, 274, 1592186236),
(185, 3, 93, 462, 1592186271),
(186, 3, 93, 274, 1592186271),
(187, 3, 94, 462, 1592186316),
(188, 3, 94, 274, 1592186316),
(189, 3, 95, 462, 1592186342),
(190, 3, 95, 274, 1592186342),
(191, 3, 96, 462, 1592186476),
(192, 3, 96, 274, 1592186476),
(193, 3, 97, 462, 1592186514),
(194, 3, 97, 274, 1592186514),
(195, 3, 98, 462, 1592186579),
(196, 3, 98, 274, 1592186579),
(197, 3, 99, 462, 1592186641),
(198, 3, 99, 274, 1592186641),
(199, 3, 100, 462, 1592186662),
(200, 3, 100, 274, 1592186662),
(201, 3, 101, 462, 1592187169),
(202, 3, 101, 274, 1592187169),
(203, 3, 102, 462, 1592187180),
(204, 3, 102, 274, 1592187180),
(205, 3, 103, 462, 1592187206),
(206, 3, 103, 274, 1592187206),
(207, 3, 104, 462, 1592187213),
(208, 3, 104, 274, 1592187213),
(209, 3, 105, 462, 1592187411),
(210, 3, 105, 274, 1592187411),
(211, 3, 106, 462, 1592187465),
(212, 3, 106, 274, 1592187465),
(213, 3, 107, 462, 1592187557),
(214, 3, 107, 274, 1592187557),
(215, 3, 108, 462, 1592187610),
(216, 3, 108, 274, 1592187610),
(217, 3, 109, 462, 1592187649),
(218, 3, 109, 274, 1592187649),
(219, 3, 110, 462, 1592187697),
(220, 3, 110, 274, 1592187697),
(221, 3, 111, 462, 1592187741),
(222, 3, 111, 274, 1592187741),
(223, 3, 112, 462, 1592187867),
(224, 3, 112, 274, 1592187867),
(225, 3, 113, 462, 1592187921),
(226, 3, 113, 274, 1592187921),
(227, 3, 114, 462, 1592188023),
(228, 3, 114, 274, 1592188023),
(229, 3, 115, 462, 1592188085),
(230, 3, 115, 274, 1592188085),
(231, 3, 116, 462, 1592188217),
(232, 3, 116, 274, 1592188217),
(233, 3, 117, 462, 1592188232),
(234, 3, 117, 274, 1592188232),
(235, 3, 118, 462, 1592188319),
(236, 3, 118, 274, 1592188319),
(237, 3, 119, 462, 1592188344),
(238, 3, 119, 274, 1592188344),
(239, 3, 120, 462, 1592188666),
(240, 3, 120, 274, 1592188666),
(241, 3, 121, 462, 1592188697),
(242, 3, 121, 274, 1592188697),
(243, 3, 122, 462, 1592188724),
(244, 3, 122, 274, 1592188724),
(245, 3, 123, 462, 1592188775),
(246, 3, 123, 274, 1592188775),
(247, 3, 124, 462, 1592189017),
(248, 3, 124, 274, 1592189017),
(249, 3, 125, 462, 1592189158),
(250, 3, 125, 274, 1592189158),
(251, 3, 126, 462, 1592189753),
(252, 3, 126, 274, 1592189753),
(253, 3, 127, 462, 1592189883),
(254, 3, 127, 274, 1592189883),
(255, 3, 128, 462, 1592432956),
(256, 3, 128, 274, 1592432956),
(257, 3, 129, 462, 1600201750),
(258, 3, 129, 274, 1600201750),
(259, 3, 130, 462, 1600201835),
(260, 3, 130, 274, 1600201835);

-- --------------------------------------------------------

--
-- Структура таблицы `products`
--

CREATE TABLE `products` (
  `product_id` bigint(19) UNSIGNED NOT NULL,
  `company_id` bigint(19) UNSIGNED NOT NULL DEFAULT '0',
  `user_id` bigint(19) UNSIGNED NOT NULL DEFAULT '0',
  `customer_id` bigint(19) UNSIGNED NOT NULL DEFAULT '0',
  `consignee_id` bigint(19) UNSIGNED NOT NULL DEFAULT '0',
  `contract_id` bigint(19) UNSIGNED NOT NULL DEFAULT '0',
  `group_id` bigint(19) UNSIGNED NOT NULL DEFAULT '0',
  `label_id` bigint(19) UNSIGNED NOT NULL DEFAULT '0',
  `status` tinyint(1) UNSIGNED NOT NULL DEFAULT '0',
  `product_status` tinyint(1) UNSIGNED NOT NULL DEFAULT '0',
  `code` varchar(255) NOT NULL DEFAULT '',
  `title` varchar(255) NOT NULL DEFAULT '',
  `destination` varchar(255) NOT NULL DEFAULT '',
  `quantity` bigint(19) UNSIGNED NOT NULL DEFAULT '1',
  `hidden` tinyint(1) NOT NULL DEFAULT '0',
  `produced` int(11) UNSIGNED NOT NULL DEFAULT '0',
  `marked` int(11) UNSIGNED NOT NULL DEFAULT '0',
  `shipped` int(11) UNSIGNED NOT NULL DEFAULT '0',
  `created` int(11) UNSIGNED NOT NULL DEFAULT '0'
) ENGINE=InnoDB DEFAULT CHARSET=utf8mb4;

--
-- Дамп данных таблицы `products`
--

INSERT INTO `products` (`product_id`, `company_id`, `user_id`, `customer_id`, `consignee_id`, `contract_id`, `group_id`, `label_id`, `status`, `product_status`, `code`, `title`, `destination`, `quantity`, `hidden`, `produced`, `marked`, `shipped`, `created`) VALUES
(1, 2, 0, 0, 0, 0, 0, 0, 1, 0, '7801A0009', 'Установка МЕРА–ММ.71-1-40-8-400/1-80000', '', 1, 0, 0, 0, 0, 1555004658),
(2, 2, 0, 0, 0, 0, 0, 0, 0, 0, '3502C0205', 'Арматура АФК1-65х21.413-01', '', 1, 0, 0, 0, 0, 1555325776),
(3, 2, 0, 3, 0, 1, 0, 0, 0, 0, '3302B0329', 'Блок БГ-2 80 4', '', 1, 0, 0, 0, 0, 1555402768),
(7, 2, 0, 0, 0, 0, 0, 0, 0, 0, '7801A0010', 'Установка МЕРА–ММ.711-1-40-12-400/1-4000', '', 1, 0, 0, 0, 0, 1555561661),
(11, 2, 0, 0, 0, 0, 19, 0, 1, 0, '7801A0011', 'Установка Мера-ММ-40-10-400', '', 1, 0, 0, 0, 0, 1555564513),
(17, 2, 0, 0, 0, 0, 0, 0, 0, 0, '3901С0109', 'Обвязка ОКК2-21-178х245х324 ХЛ-К2', '', 1, 0, 0, 0, 0, 1588332006),
(22, 2, 0, 0, 0, 0, 0, 0, 0, 0, '3502C0206', 'Арматура АФК6Э-80х70 К1 ХЛ', '', 1, 0, 0, 0, 0, 1589847745),
(25, 2, 0, 0, 0, 0, 33, 0, 0, 0, '3101C0202', 'Прокладка 6А.RF.01', '', 1, 0, 0, 0, 0, 1555759391),
(26, 2, 0, 0, 0, 0, 33, 0, 0, 0, '3502C0207', 'Арматура АФК1-65х21.413-01', '', 1, 0, 0, 0, 0, 1556199319),
(27, 2, 0, 0, 0, 0, 0, 6, 0, 0, '3302B0330', 'Блок БГ-2 80 4', '', 1, 0, 0, 0, 0, 1589847070),
(29, 2, 0, 0, 0, 0, 33, 0, 0, 0, '3502C0209', 'Арматура АФ6-80/65х21 178(140) К2', '', 1, 0, 0, 0, 0, 1556942052),
(86, 2, 0, 0, 0, 0, 0, 5, 0, 0, '3502C0208', 'Арматура АФ6-80/65х21/70 178(140) К2', '', 1, 0, 0, 0, 0, 1589847674),
(114, 2, 0, 0, 0, 0, 33, 0, 0, 0, '3201A0115', 'Задвижка 31лс45нж(В) 100-250 КОФ', '', 1, 0, 0, 0, 0, 1588350310),
(115, 2, 0, 0, 0, 0, 33, 10, 0, 0, '3502B0205', 'Тройник ТС I 530(12К60)х57(4К48)-9,8', '', 1, 0, 0, 0, 0, 1590019602),
(118, 2, 0, 0, 0, 0, 19, 0, 0, 0, '3702E0202', 'Елка ЕФ6-80*70 К1 ХЛ', '', 1, 0, 0, 0, 0, 1559099039),
(119, 2, 0, 0, 0, 0, 26, 0, 0, 0, '1211B0110', 'Оборудование 6A3G.CHM-350*70.10', '', 1, 0, 1577836800, 0, 1583107200, 1586722467),
(120, 2, 0, 0, 0, 0, 26, 0, 0, 0, '3201A0112', 'Задвижка 30лс15нж(НП) 200-40 КОФ', '', 1, 0, 0, 0, 0, 1559205675),
(121, 2, 0, 0, 0, 0, 0, 0, 1, 0, '', 'Арматура АФК6Э-80х70 К1 ХЛ', '', 1, 1, 0, 0, 0, 1559583861),
(125, 2, 0, 0, 0, 0, 26, 0, 1, 0, '3901С0111', 'Обвязка ОКО 21-245х146-500', '', 1, 0, 0, 0, 0, 1560399425),
(126, 2, 0, 3, 0, 1, 26, 0, 1, 0, '3502C0210', 'Арматура АФКЭ1-65х21-178 ОТТМ ХЛ', '', 1, 0, 1581292800, 0, 0, 1586722945),
(128, 2, 0, 3, 0, 1, 19, 0, 1, 0, '3101B0110', 'Кран КШД-65х21ХЛ-4Ф 7АН.08.000-09', '', 1, 0, 1577836800, 0, 1583020800, 1586722373),
(129, 2, 0, 3, 0, 1, 19, 0, 0, 0, '3201A0112', 'Затвор 19лс11нж3 80-25 КОФ', '', 1, 0, 1577836800, 0, 1583020800, 1586722528),
(133, 2, 0, 0, 0, 0, 0, 0, 0, 0, '3201A0111', 'Задвижка 30лс15нж 200-40 КОФ', '', 1, 1, 0, 0, 0, 1560849277),
(153, 2, 0, 0, 0, 0, 0, 0, 0, 0, '', 'Арматура АФЭН 65х35 ХЛ', '', 1, 1, 0, 0, 0, 1560850683),
(156, 2, 0, 3, 3, 1, 19, 0, 1, 0, '3901С0112', 'Обвязка ОКО 21-245х146-500', '', 1, 0, 1546300800, 1595712357, 1583020800, 1588332217),
(160, 2, 0, 0, 0, 0, 0, 0, 0, 0, '', 'Тестовый продукт 1', '', 1, 1, 0, 0, 0, 1584126948),
(161, 2, 0, 0, 0, 0, 0, 0, 0, 0, '', 'тест 1', '', 1, 1, 0, 0, 0, 1584343537),
(162, 2, 0, 0, 0, 0, 0, 0, 0, 0, '', 'тест 123', '', 1, 1, 0, 0, 0, 1584344770),
(163, 2, 0, 3, 3, 1, 26, 5, 0, 0, '4102С0303', 'Кран шаровой DN 300 PN 8 Мпа', 'Лена Восточно-Сибирской ж.д., код 927105', 1, 0, 1583020800, 0, 1580515200, 1589910516),
(172, 0, 0, 0, 0, 0, 0, 0, 0, 0, '', 'test', '', 1, 1, 0, 0, 0, 1584983517),
(178, 0, 0, 0, 0, 0, 0, 0, 0, 0, '', '1111', '', 1, 1, 0, 0, 0, 1584984933),
(194, 2, 0, 0, 0, 0, 26, 0, 0, 0, '4102С0302', 'Емкость 1000м3', '', 1, 0, 1554940800, 0, 1554940800, 1588331823),
(202, 2, 0, 0, 0, 0, 0, 0, 0, 0, '123', 'тест 123', '', 1, 1, 1577836800, 0, 0, 1585066317),
(204, 2, 0, 0, 0, 0, 0, 0, 0, 0, '123', 'тест 2', '', 1, 1, 1577836800, 0, 0, 1585123250),
(206, 2, 0, 0, 0, 0, 0, 0, 0, 0, '12345', 'тест 3', '', 1, 1, 1577836800, 0, 0, 1585125845),
(207, 2, 0, 0, 0, 0, 0, 0, 0, 0, '1234567', 'тест 3', '', 1, 1, 1577836800, 0, 0, 1585132570),
(210, 2, 0, 0, 0, 0, 0, 0, 0, 0, '12345', 'тест 7', '', 1, 1, 1577836800, 0, 0, 1585139386),
(234, 2, 0, 0, 0, 0, 0, 0, 0, 0, '12345', 'тест 12345', '', 1, 1, 1585094400, 0, 0, 1585160613),
(257, 2, 0, 0, 0, 0, 0, 0, 0, 0, '12345', 'название 1', '', 1, 1, 1588291200, 0, 0, 1585241620),
(258, 2, 0, 3, 0, 1, 0, 0, 0, 0, '12345', 'название 1', '', 1, 1, 1580515200, 0, 1583020800, 1586722497),
(267, 4, 0, 0, 0, 0, 0, 0, 0, 0, '', 'Труба: 219x6 ст.20 АО “ТЭМ-ПО” ГОСТ 10705-80', '', 1, 0, 1577836800, 0, 0, 1588195923),
(268, 2, 0, 0, 0, 0, 0, 0, 0, 0, '112', '123', '', 1, 1, 1577836800, 0, 0, 1587423326),
(269, 4, 0, 3, 0, 1, 0, 0, 0, 0, '12345', 'тест 123', '', 1, 1, 1577836800, 0, 1583020800, 1587426419),
(273, 4, 0, 0, 0, 0, 0, 0, 0, 0, '444444444444444444444444444444444444', 'fffffffffffffffffffffffffffffffffаааааааааааааааааааааааааааааааааааааааааааааааааааааааааааааааааааааааааааааааааааааааааааааааааааааааааааакккккккккккккккккккккккккккккккккккккккккккккккккккккккккккккккккккккккккккккккккккккккккккккккааааааааааааааааааа', '', 1, 1, 1577836800, 0, 0, 1587591196),
(274, 4, 0, 3, 3, 1, 0, 8, 0, 0, '', 'Труба:325x8 ст.13ХФА К52', '', 1, 0, 0, 0, 0, 1590523165),
(380, 2, 0, 0, 0, 0, 0, 0, 0, 0, '', 'тест 1', '', 1, 1, 0, 0, 0, 1588276537),
(402, 2, 0, 0, 0, 0, 0, 0, 0, 0, '', 'тест 1', '', 1, 1, 0, 0, 0, 1588328628),
(403, 2, 0, 0, 0, 0, 0, 0, 0, 0, '', '111', '', 1, 1, 0, 0, 0, 1588331866),
(406, 2, 0, 0, 0, 0, 0, 0, 0, 0, '', '11111111111111', '', 1, 1, 0, 0, 0, 1588338218),
(407, 2, 0, 0, 0, 0, 0, 0, 0, 0, '', '2222222222222', '', 1, 1, 0, 0, 0, 1588350302),
(409, 2, 0, 0, 0, 0, 0, 0, 0, 0, '', '333333333', '', 1, 1, 0, 0, 0, 1588333116),
(410, 2, 0, 0, 0, 0, 0, 0, 0, 0, '', '555', '', 1, 1, 0, 0, 0, 1588333621),
(411, 2, 0, 0, 0, 0, 0, 0, 0, 0, '', '777', '', 1, 1, 0, 0, 0, 1588334193),
(424, 2, 0, 0, 0, 0, 0, 0, 0, 0, '3502C0208', 'Арматура АФ6-80/65х21/70 178(140) К2', '', 1, 1, 0, 0, 0, 1589139432),
(425, 2, 0, 0, 0, 0, 0, 0, 0, 0, '3502C0208', 'Арматура АФ6-80/65х21/70 178(140) К2', '', 1, 1, 0, 0, 0, 1589139441),
(426, 2, 0, 3, 3, 1, 26, 0, 0, 0, '4102С0303', 'Кран шаровой DN 300 PN 8 Мпа', 'Лена Восточно-Сибирской ж.д., код 927105', 1, 1, 1583020800, 0, 1580515200, 1589139517),
(427, 2, 0, 3, 3, 1, 26, 0, 0, 0, '4102С0303', 'Кран шаровой DN 300 PN 8 Мпа', 'Лена Восточно-Сибирской ж.д., код 927105', 1, 1, 1583020800, 0, 1580515200, 1589139576),
(428, 2, 0, 3, 3, 1, 26, 0, 0, 0, '4102С0303', 'Кран шаровой DN 300 PN 8 Мпа', 'Лена Восточно-Сибирской ж.д., код 927105', 1, 1, 1583020800, 0, 1580515200, 1589139637),
(434, 2, 0, 3, 3, 1, 26, 0, 0, 0, '4102С0303', 'Кран шаровой DN 300 PN 8 Мпа', 'Лена Восточно-Сибирской ж.д., код 927105', 1, 1, 1583020800, 0, 1580515200, 1589139801),
(435, 2, 0, 3, 3, 1, 26, 0, 0, 0, '4102С0303', 'Кран шаровой DN 300 PN 8 Мпа', 'Лена Восточно-Сибирской ж.д., код 927105', 1, 1, 1583020800, 0, 1580515200, 1589139861),
(436, 2, 0, 3, 3, 1, 26, 0, 0, 0, '4102С0303', 'Кран шаровой DN 300 PN 8 Мпа', 'Лена Восточно-Сибирской ж.д., код 927105', 1, 1, 1583020800, 0, 1580515200, 1589140019),
(437, 2, 0, 0, 0, 0, 26, 0, 0, 0, '4102С0302', 'Емкость 1000м3', '', 1, 1, 1554940800, 0, 1554940800, 1589140044),
(438, 2, 0, 0, 0, 0, 26, 0, 0, 0, '4102С0302', 'Емкость 1000м3 1', '', 1, 1, 1554940800, 0, 1554940800, 1589140191),
(440, 2, 0, 0, 0, 0, 33, 0, 0, 0, '3502B0205', 'xxx Тройник ТС I 530(12К60)х57(4К48)-9,8', '', 1, 1, 0, 0, 0, 1589339750),
(441, 2, 0, 0, 0, 0, 33, 0, 0, 0, '', '12345', '', 1, 1, 0, 0, 0, 1589339827),
(442, 2, 0, 0, 0, 0, 33, 0, 0, 0, '', '123', '', 1, 1, 0, 0, 0, 1589339854),
(443, 2, 0, 0, 0, 0, 33, 0, 0, 0, '', '123', '', 1, 1, 0, 0, 0, 1589339964),
(444, 2, 0, 0, 0, 0, 0, 5, 0, 0, '', '123', '', 1, 0, 0, 0, 0, 1589718245),
(449, 4, 0, 0, 0, 0, 38, 8, 0, 0, '', 'Тестовая труба', '', 1, 0, 0, 0, 0, 1590517350),
(450, 4, 0, 0, 0, 0, 34, 0, 0, 0, '', 'тест', '', 1, 0, 0, 0, 0, 1590523551),
(451, 4, 0, 0, 0, 0, 34, 0, 0, 0, '', 'тест 2', '', 1, 0, 0, 0, 0, 1590611123),
(453, 4, 0, 0, 0, 0, 34, 0, 0, 0, '', 'тест 3', '', 1, 0, 0, 0, 0, 1590604758),
(454, 4, 0, 0, 0, 0, 34, 0, 0, 0, '', 'тест 4', '', 1, 0, 0, 0, 0, 1590604764),
(455, 4, 0, 0, 0, 0, 34, 0, 0, 0, '', 'тест 5', '', 1, 0, 0, 0, 0, 1590604770),
(456, 4, 0, 0, 0, 0, 34, 0, 0, 0, '', 'тест 6', '', 1, 0, 0, 0, 0, 1590604775),
(457, 4, 0, 0, 0, 0, 34, 8, 0, 0, '', 'тест 7', '', 1, 0, 0, 0, 0, 1590621822),
(458, 4, 0, 0, 0, 0, 34, 0, 0, 0, '', 'тесточеньдлинноен азваниеоченьдлинноеназваниеоченьдлинноеназваниеоченьдлинноеназваниеоченьдлинноеназваниеоченьдлинноеназваниеоченьдлинноеназваниеоченьдлинноеназвание', '', 1, 0, 0, 0, 0, 1590627851),
(462, 4, 0, 3, 3, 1, 34, 8, 0, 0, '', 'Труба:325x8 ст.13ХФА К52 222', '', 1, 0, 0, 0, 0, 1592061466),
(463, 4, 0, 0, 0, 0, 38, 0, 0, 0, '', 'тест 1', '', 1, 0, 0, 0, 0, 1591206041),
(464, 4, 0, 0, 0, 0, 38, 0, 0, 0, '', 'тест 2', '', 1, 0, 0, 0, 0, 1591206045),
(470, 2, 0, 0, 0, 0, 0, 0, 0, 0, '', '111', '', 1, 1, 0, 0, 0, 1595711912),
(471, 2, 0, 0, 0, 0, 0, 0, 0, 0, '', 'тест 1 7', '', 1, 0, 0, 0, 0, 1595725776),
(472, 2, 0, 0, 0, 0, 0, 0, 0, 0, '', 'тест 1 8', '', 1, 0, 0, 0, 0, 1595725836),
(473, 2, 0, 0, 0, 0, 0, 0, 0, 0, '', 'тест 1 9', '', 1, 0, 0, 0, 0, 1595725851),
(475, 2, 0, 0, 0, 0, 0, 0, 0, 0, '', 'тест 1 1', '', 1, 0, 0, 0, 0, 1595725889),
(476, 2, 0, 0, 0, 0, 0, 0, 0, 0, '', 'тест 1 5', '', 1, 0, 0, 0, 0, 1595727506),
(478, 2, 4, 0, 0, 0, 0, 0, 0, 0, '', 'тест 1', '', 1, 0, 0, 0, 0, 1595862191),
(479, 2, 4, 0, 0, 0, 53, 0, 0, 0, '', 'компьютерная мышь', '', 1, 0, 0, 0, 0, 1595863563),
(480, 2, 4, 0, 0, 0, 53, 0, 0, 0, '', 'клавиатура компьютерная', '', 1, 0, 0, 0, 0, 1595864558),
(481, 2, 4, 0, 0, 0, 53, 0, 0, 0, '', 'монитор', '', 1, 0, 0, 0, 0, 1595864585),
(482, 2, 4, 0, 0, 0, 54, 0, 0, 0, '', 'мышь компьютерная', '', 10, 0, 0, 0, 0, 1595865486),
(486, 2, 18, 0, 0, 0, 0, 0, 0, 0, '', 'тест 3', '', 1, 0, 0, 0, 0, 1596018339),
(487, 2, 18, 0, 0, 0, 55, 0, 0, 0, '', 'тест 1', '', 1, 0, 0, 0, 0, 1596018420),
(488, 2, 18, 0, 0, 0, 56, 0, 0, 0, '', 'компьютерная мышь', '', 10, 0, 0, 0, 0, 1596018551),
(489, 2, 18, 0, 0, 0, 57, 0, 0, 0, '', 'мышь компьютерная', '', 10, 0, 0, 0, 0, 1596018597),
(490, 2, 18, 0, 0, 0, 57, 0, 0, 0, '', 'клавиатуры', '', 4, 0, 0, 0, 0, 1596018612),
(491, 2, 18, 0, 0, 0, 57, 0, 0, 0, '', 'мониторы', '', 2, 0, 0, 0, 0, 1596018623),
(492, 2, 18, 0, 0, 0, 58, 0, 0, 0, '', 'компьютерная мышь', '', 10, 0, 0, 0, 0, 1596018674),
(493, 2, 18, 0, 0, 0, 58, 0, 0, 0, '', 'компьютерная мышь', '', 10, 0, 0, 0, 0, 1596018677),
(494, 2, 18, 0, 0, 0, 58, 0, 0, 0, '', 'компьютерная мышь', '', 10, 0, 0, 0, 0, 1596018681),
(495, 2, 18, 0, 0, 0, 58, 0, 0, 0, '', 'компьютерная мышь', '', 10, 0, 0, 0, 0, 1596018686),
(497, 2, 4, 0, 0, 0, 0, 0, 0, 0, '', 'Труба', '', 100, 0, 0, 0, 0, 1596110833),
(501, 2, 4, 0, 0, 0, 58, 0, 0, 0, '', 'компьютерная мышь 2', '', 10, 0, 0, 0, 0, 1596112143),
(508, 4, 6, 0, 0, 0, 60, 0, 0, 0, '', 'мышь компьютерная', '', 10, 0, 0, 0, 0, 1597997094),
(509, 4, 6, 0, 0, 0, 60, 0, 0, 0, '', 'клавиатуры', '', 5, 0, 0, 0, 0, 1597997121);

-- --------------------------------------------------------

--
-- Структура таблицы `product_files`
--

CREATE TABLE `product_files` (
  `file_id` bigint(19) UNSIGNED NOT NULL,
  `product_id` bigint(19) UNSIGNED NOT NULL DEFAULT '0',
  `group_id` bigint(19) UNSIGNED NOT NULL DEFAULT '0',
  `group_file_id` bigint(19) UNSIGNED NOT NULL DEFAULT '0',
  `type` tinyint(2) UNSIGNED NOT NULL DEFAULT '0',
  `path` varchar(255) NOT NULL DEFAULT '',
  `title` varchar(255) NOT NULL DEFAULT '',
  `size` int(11) UNSIGNED NOT NULL DEFAULT '0',
  `hidden` tinyint(1) UNSIGNED NOT NULL DEFAULT '0',
  `created` int(11) UNSIGNED NOT NULL DEFAULT '0'
) ENGINE=InnoDB DEFAULT CHARSET=utf8mb4;

--
-- Дамп данных таблицы `product_files`
--

INSERT INTO `product_files` (`file_id`, `product_id`, `group_id`, `group_file_id`, `type`, `path`, `title`, `size`, `hidden`, `created`) VALUES
(1, 0, 0, 0, 1, '/servers/media/storage/2020/0323/4d3ae98e2f.jpg', '3.jpg', 0, 0, 1584977387),
(2, 166, 0, 0, 1, '/servers/media/storage/2020/0323/8591650616.jpg', '3.jpg', 0, 0, 1584981756),
(3, 168, 0, 0, 1, '/servers/media/storage/2020/0323/3bf9271a91.jpg', '3.jpg', 0, 0, 1584982988),
(4, 169, 0, 0, 1, '/servers/media/storage/2020/0323/1c72603b58.jpg', '3.jpg', 0, 0, 1584983019),
(5, 170, 0, 0, 1, '/servers/media/storage/2020/0323/362e4e7528.jpg', '3.jpg', 0, 0, 1584983387),
(6, 171, 0, 0, 1, '/servers/media/storage/2020/0323/fa666ea6ae.jpg', '3.jpg', 0, 1, 1584983412),
(7, 171, 0, 0, 1, '/servers/media/storage/2020/0323/f3bb850157.jpg', '3.jpg', 0, 1, 1584983422),
(8, 171, 0, 0, 1, '/servers/media/storage/2020/0323/4dac083798.jpg', '2.jpg', 0, 0, 1584983467),
(9, 172, 0, 0, 1, '/servers/media/storage/2020/0323/453e876c66.jpg', '3.jpg', 0, 0, 1584983508),
(10, 174, 0, 0, 1, '/servers/media/storage/2020/0323/328b82bd41.pdf', '4102C0303-160.695.00.000 Д1.pdf', 0, 0, 1584984635),
(11, 175, 0, 0, 1, '/servers/media/storage/2020/0323/2987e1cf95.pdf', 'Акты испытаний.pdf', 0, 0, 1584984722),
(12, 175, 0, 0, 1, '/servers/media/storage/2020/0323/b8c76175f6.pdf', 'Аттестационные удостоверения сварщиков .pdf', 0, 0, 1584984745),
(13, 181, 0, 0, 1, '/servers/media/storage/2020/0323/68d696e2ea.pdf', 'Результаты контроля неразрушающими методами.pdf', 0, 0, 1584997160),
(14, 183, 0, 0, 1, '/servers/media/storage/2020/0323/19a4370505.pdf', '4102C0303-160.695.00.000 РЭ.pdf', 0, 0, 1584997359),
(15, 185, 0, 0, 1, '/servers/media/storage/2020/0323/cc0c90fc1e.pdf', '4102C0303-160.695.00.000.pdf', 0, 0, 1584998089),
(16, 186, 0, 0, 1, '/servers/media/storage/2020/0323/911a4e3b2c.txt', 'тестовое задание php.txt', 0, 0, 1584998680),
(17, 186, 0, 0, 1, '/servers/media/storage/2020/0323/bd1484d06d.xls', 'пример справочника.xls', 0, 0, 1584998707),
(18, 186, 0, 0, 1, '/servers/media/storage/2020/0323/b8e2f9e4ad.csv', 'Книга1.csv', 0, 0, 1584998739),
(19, 186, 0, 0, 1, '/servers/media/storage/2020/0323/26c5d5f02f.xlsx', 'to-do.xlsx', 0, 0, 1584998748),
(20, 186, 0, 0, 1, '/servers/media/storage/2020/0323/97f4ba913f.docx', 'Сценарий использования маркировки.docx', 0, 0, 1584998786),
(21, 186, 0, 0, 1, '/servers/media/storage/2020/0323/68d5e0c1ff.doc', 'Документ Microsoft Word.doc', 0, 0, 1584998994),
(22, 186, 0, 0, 1, '/servers/media/storage/2020/0323/e6b9bc7676.rtf', '111.rtf', 0, 0, 1584999022),
(23, 191, 0, 0, 1, '/servers/media/storage/2020/0323/53dd18330b.svg', 'code.svg', 0, 0, 1584999541),
(24, 192, 0, 0, 1, '/servers/media/storage/2020/0323/c652d4d50c.jpg', '3.jpg', 0, 0, 1584999577),
(25, 204, 0, 0, 1, '/servers/media/storage/2020/0325/7543b2d83c.pdf', 'Инструкция И26-2021-2011.pdf', 0, 0, 1585123235),
(26, 204, 0, 0, 1, '/servers/media/storage/2020/0325/a9713755b3.pdf', 'Акты испытаний.pdf', 0, 0, 1585123239),
(27, 204, 0, 0, 1, '/servers/media/storage/2020/0325/cea6d2b5a8.pdf', 'Комплект сертификатов на сварочный материал.pdf', 0, 0, 1585123244),
(28, 206, 0, 0, 3, '/servers/media/storage/2020/0325/b2058a5ca2.csv', 'account_balances.csv', 240, 0, 1585125788),
(29, 206, 0, 0, 5, '/servers/media/storage/2020/0325/9645f7136a.jpg', '3.jpg', 408315, 0, 1585125801),
(30, 206, 0, 0, 2, '/servers/media/storage/2020/0325/cbd47adfd2.docx', 'Документ Microsoft Word.docx', 0, 0, 1585125817),
(31, 206, 0, 0, 1, '/servers/media/storage/2020/0325/59324dffd1.pdf', 'Акты испытаний.pdf', 552608, 0, 1585125832),
(32, 206, 0, 0, 1, '/servers/media/storage/2020/0325/550ecaae76.pdf', 'Инструкция И26-2021-2011.pdf', 497047, 0, 1585125837),
(33, 206, 0, 0, 1, '/servers/media/storage/2020/0325/58fcf1cf5a.pdf', 'План контроля качества.pdf', 251365, 0, 1585125841),
(34, 207, 0, 0, 1, '/servers/media/storage/2020/0325/5c6d595efc.pdf', 'Акты испытаний', 552608, 0, 1585132561),
(35, 207, 0, 0, 1, '/servers/media/storage/2020/0325/f717abd8fa.pdf', 'Регламент', 62052, 0, 1585132566),
(36, 209, 0, 0, 1, '/servers/media/storage/2020/0325/354ae5f72f.pdf', 'Акты испытаний', 552608, 0, 1585133095),
(37, 210, 0, 0, 1, '/servers/media/storage/2020/0325/a35b2c7e3a.pdf', 'Акты испытаний', 552608, 0, 1585133359),
(38, 210, 0, 0, 5, '/servers/media/storage/2020/0325/d2962f1be3.jpg', '3', 408315, 0, 1585133371),
(39, 210, 0, 0, 4, '/servers/media/storage/2020/0325/ace4149cee.txt', 'cors', 164, 0, 1585133381),
(40, 210, 0, 0, 2, '/servers/media/storage/2020/0325/58b50e81a5.docx', 'Документ Microsoft Word', 0, 1, 1585133415),
(41, 210, 0, 0, 3, '/servers/media/storage/2020/0325/7dbc100b85.csv', 'Книга1', 26, 0, 1585133420),
(42, 210, 0, 0, 6, '/servers/media/storage/2020/0325/0dd96c0f6e.png', 'logo', 18150, 0, 1585133510),
(43, 210, 0, 0, 2, '/servers/media/storage/2020/0325/0a5732a444.docx', 'Документ Microsoft Word', 0, 0, 1585138234),
(44, 234, 0, 0, 1, '/servers/media/storage/2020/0325/430c5ed641.pdf', 'Комплект документов на прокладки спирально-навитые', 558065, 1, 1585150275),
(45, 234, 0, 0, 1, '/servers/media/storage/2020/0325/23d7cc6739.pdf', 'Результаты испытаний контрольных сварных соединений', 103249, 0, 1585150341),
(46, 234, 0, 0, 1, '/servers/media/storage/2020/0325/690f916f31.pdf', 'Комплект сертификатов на сварочный материал', 703769, 0, 1585150346),
(47, 258, 0, 0, 1, '/servers/media/storage/2020/0326/b0a43c8d75.pdf', 'Инструкция И26-2021-2011', 497047, 0, 1585257374),
(48, 386, 0, 0, 5, '/servers/media/storage/2020/0430/d0c3a011ec.jpg', 'photo_2020-04-18_02-32-59', 110088, 0, 1588277928),
(49, 194, 0, 0, 5, '/servers/media/storage/2020/0501/2d42e52c3a.jpg', 'bchain_header', 200867, 0, 1588331822),
(50, 437, 0, 0, 5, 'http://marker/servers/media/storage/2020/0501/2d42e52c3a.jpg', 'bchain_header', 0, 0, 1589140041),
(51, 438, 0, 0, 5, 'http://marker/servers/media/storage/2020/0501/2d42e52c3a.jpg', 'bchain_header', 0, 0, 1589140186),
(52, 451, 0, 0, 6, '/servers/media/storage/2020/0527/20f4ebc9eb.png', '001', 115521, 0, 1590603945),
(53, 450, 0, 0, 6, '/servers/media/storage/2020/0527/20f4ebc9eb.png', '001', 115521, 0, 1590603945),
(54, 451, 0, 0, 6, '/servers/media/storage/2020/0527/16faf22ee1.png', '001', 115521, 0, 1590604642),
(55, 450, 0, 0, 6, '/servers/media/storage/2020/0527/16faf22ee1.png', '001', 115521, 0, 1590604642),
(56, 453, 0, 0, 6, '/servers/media/storage/2020/0527/20f4ebc9eb.png', '001', 0, 1, 1590604752),
(57, 453, 0, 0, 6, '/servers/media/storage/2020/0527/16faf22ee1.png', '001', 0, 1, 1590604752),
(58, 457, 0, 0, 6, '/servers/media/storage/2020/0527/9a6e3d46fe.png', '001', 115521, 0, 1590605739),
(59, 456, 0, 0, 6, '/servers/media/storage/2020/0527/9a6e3d46fe.png', '001', 115521, 0, 1590605739),
(60, 455, 0, 0, 6, '/servers/media/storage/2020/0527/9a6e3d46fe.png', '001', 115521, 0, 1590605739),
(61, 454, 0, 0, 6, '/servers/media/storage/2020/0527/9a6e3d46fe.png', '001', 115521, 0, 1590605739),
(62, 453, 0, 0, 6, '/servers/media/storage/2020/0527/9a6e3d46fe.png', '001', 115521, 0, 1590605739),
(63, 451, 0, 0, 6, '/servers/media/storage/2020/0527/9a6e3d46fe.png', '001', 115521, 0, 1590605739),
(64, 450, 0, 0, 6, '/servers/media/storage/2020/0527/9a6e3d46fe.png', '001', 115521, 0, 1590605739),
(65, 457, 0, 0, 6, '/servers/media/storage/2020/0527/700f497564.png', '001', 115521, 0, 1590605852),
(66, 456, 0, 0, 6, '/servers/media/storage/2020/0527/700f497564.png', '001', 115521, 0, 1590605852),
(67, 455, 0, 0, 6, '/servers/media/storage/2020/0527/700f497564.png', '001', 115521, 0, 1590605852),
(68, 454, 0, 0, 6, '/servers/media/storage/2020/0527/700f497564.png', '001', 115521, 0, 1590605852),
(69, 453, 0, 0, 6, '/servers/media/storage/2020/0527/700f497564.png', '001', 115521, 0, 1590605852),
(70, 451, 0, 0, 6, '/servers/media/storage/2020/0527/700f497564.png', '001', 115521, 0, 1590605852),
(71, 450, 0, 0, 6, '/servers/media/storage/2020/0527/700f497564.png', '001', 115521, 0, 1590605852),
(72, 457, 0, 0, 6, '/servers/media/storage/2020/0527/0ec770d88b.png', '001', 115521, 0, 1590605898),
(73, 456, 0, 0, 6, '/servers/media/storage/2020/0527/0ec770d88b.png', '001', 115521, 0, 1590605898),
(74, 455, 0, 0, 6, '/servers/media/storage/2020/0527/0ec770d88b.png', '001', 115521, 0, 1590605898),
(75, 454, 0, 0, 6, '/servers/media/storage/2020/0527/0ec770d88b.png', '001', 115521, 0, 1590605898),
(76, 453, 0, 0, 6, '/servers/media/storage/2020/0527/0ec770d88b.png', '001', 115521, 0, 1590605898),
(77, 451, 0, 0, 6, '/servers/media/storage/2020/0527/0ec770d88b.png', '001', 115521, 0, 1590605898),
(78, 450, 0, 0, 6, '/servers/media/storage/2020/0527/0ec770d88b.png', '001', 115521, 0, 1590605898),
(79, 457, 34, 1, 5, '/servers/media/storage/2020/0527/e40375078f.jpg', '002', 576586, 1, 1590610281),
(80, 456, 34, 1, 5, '/servers/media/storage/2020/0527/e40375078f.jpg', '002', 576586, 1, 1590610281),
(81, 455, 34, 1, 5, '/servers/media/storage/2020/0527/e40375078f.jpg', '002', 576586, 1, 1590610281),
(82, 454, 34, 1, 5, '/servers/media/storage/2020/0527/e40375078f.jpg', '002', 576586, 1, 1590610281),
(83, 453, 34, 1, 5, '/servers/media/storage/2020/0527/e40375078f.jpg', '002', 576586, 1, 1590610281),
(84, 451, 34, 1, 5, '/servers/media/storage/2020/0527/e40375078f.jpg', '002', 576586, 1, 1590610281),
(85, 450, 34, 1, 5, '/servers/media/storage/2020/0527/e40375078f.jpg', '002', 576586, 1, 1590610281),
(86, 457, 34, 2, 5, '/servers/media/storage/2020/0527/efc14e49f3.jpg', '002', 576586, 1, 1590610826),
(87, 456, 34, 2, 5, '/servers/media/storage/2020/0527/efc14e49f3.jpg', '002', 576586, 1, 1590610826),
(88, 455, 34, 2, 5, '/servers/media/storage/2020/0527/efc14e49f3.jpg', '002', 576586, 1, 1590610826),
(89, 454, 34, 2, 5, '/servers/media/storage/2020/0527/efc14e49f3.jpg', '002', 576586, 1, 1590610826),
(90, 453, 34, 2, 5, '/servers/media/storage/2020/0527/efc14e49f3.jpg', '002', 576586, 1, 1590610826),
(91, 451, 34, 2, 5, '/servers/media/storage/2020/0527/efc14e49f3.jpg', '002', 576586, 1, 1590610826),
(92, 450, 34, 2, 5, '/servers/media/storage/2020/0527/efc14e49f3.jpg', '002', 576586, 1, 1590610826),
(93, 457, 34, 3, 5, '/servers/media/storage/2020/0527/1b943112b6.jpg', '005', 32154, 1, 1590610830),
(94, 456, 34, 3, 5, '/servers/media/storage/2020/0527/1b943112b6.jpg', '005', 32154, 1, 1590610830),
(95, 455, 34, 3, 5, '/servers/media/storage/2020/0527/1b943112b6.jpg', '005', 32154, 1, 1590610830),
(96, 454, 34, 3, 5, '/servers/media/storage/2020/0527/1b943112b6.jpg', '005', 32154, 1, 1590610830),
(97, 453, 34, 3, 5, '/servers/media/storage/2020/0527/1b943112b6.jpg', '005', 32154, 1, 1590610830),
(98, 451, 34, 3, 5, '/servers/media/storage/2020/0527/1b943112b6.jpg', '005', 32154, 1, 1590610830),
(99, 450, 34, 3, 5, '/servers/media/storage/2020/0527/1b943112b6.jpg', '005', 32154, 1, 1590610830),
(100, 457, 34, 4, 6, '/servers/media/storage/2020/0527/d053af40c0.png', 'android-chrome-512x512', 29013, 1, 1590611221),
(101, 456, 34, 4, 6, '/servers/media/storage/2020/0527/d053af40c0.png', 'android-chrome-512x512', 29013, 1, 1590611221),
(102, 455, 34, 4, 6, '/servers/media/storage/2020/0527/d053af40c0.png', 'android-chrome-512x512', 29013, 1, 1590611221),
(103, 454, 34, 4, 6, '/servers/media/storage/2020/0527/d053af40c0.png', 'android-chrome-512x512', 29013, 1, 1590611221),
(104, 453, 34, 4, 6, '/servers/media/storage/2020/0527/d053af40c0.png', 'android-chrome-512x512', 29013, 1, 1590611221),
(105, 451, 34, 4, 6, '/servers/media/storage/2020/0527/d053af40c0.png', 'android-chrome-512x512', 29013, 1, 1590611221),
(106, 450, 34, 4, 6, '/servers/media/storage/2020/0527/d053af40c0.png', 'android-chrome-512x512', 29013, 1, 1590611221),
(107, 457, 34, 5, 6, '/servers/media/storage/2020/0527/79eb36456e.png', '002', 405436, 1, 1590611421),
(108, 456, 34, 5, 6, '/servers/media/storage/2020/0527/79eb36456e.png', '002', 405436, 1, 1590611421),
(109, 455, 34, 5, 6, '/servers/media/storage/2020/0527/79eb36456e.png', '002', 405436, 1, 1590611421),
(110, 454, 34, 5, 6, '/servers/media/storage/2020/0527/79eb36456e.png', '002', 405436, 1, 1590611421),
(111, 453, 34, 5, 6, '/servers/media/storage/2020/0527/79eb36456e.png', '002', 405436, 1, 1590611421),
(112, 451, 34, 5, 6, '/servers/media/storage/2020/0527/79eb36456e.png', '002', 405436, 1, 1590611421),
(113, 450, 34, 5, 6, '/servers/media/storage/2020/0527/79eb36456e.png', '002', 405436, 1, 1590611421),
(114, 451, 34, 6, 5, '/servers/media/storage/2020/0527/b79690a29e.jpg', '8c12ed98721b4edce92dc16aedd38d1a__980x', 289058, 1, 1590613049),
(115, 457, 34, 10, 5, 'http://marker/servers/media/storage/2020/0603/e4e5a0a152.jpg', 'bchain_header', 200867, 1, 1591201231),
(116, 456, 34, 10, 5, 'http://marker/servers/media/storage/2020/0603/e4e5a0a152.jpg', 'bchain_header', 200867, 1, 1591201256),
(117, 457, 34, 10, 5, 'http://marker/servers/media/storage/2020/0603/e4e5a0a152.jpg', 'bchain_header', 200867, 1, 1591201665),
(118, 457, 34, 10, 5, 'http://marker/servers/media/storage/2020/0603/e4e5a0a152.jpg', 'bchain_header', 200867, 1, 1591202766),
(119, 455, 34, 10, 5, 'http://marker/servers/media/storage/2020/0603/e4e5a0a152.jpg', 'bchain_header', 200867, 1, 1591202766),
(120, 457, 34, 10, 5, 'http://marker/servers/media/storage/2020/0603/e4e5a0a152.jpg', 'bchain_header', 200867, 1, 1591202809),
(121, 455, 34, 10, 5, 'http://marker/servers/media/storage/2020/0603/e4e5a0a152.jpg', 'bchain_header', 200867, 1, 1591202902),
(122, 455, 34, 8, 5, 'http://marker/servers/media/storage/2020/0603/e7cef64d20.jpg', '8c12ed98721b4edce92dc16aedd38d1a__980x &mdash; копия', 289058, 1, 1591202941),
(123, 457, 34, 8, 5, 'http://marker/servers/media/storage/2020/0603/e7cef64d20.jpg', '8c12ed98721b4edce92dc16aedd38d1a__980x &mdash; копия', 289058, 1, 1591202942),
(124, 455, 34, 10, 5, 'http://marker/servers/media/storage/2020/0603/e4e5a0a152.jpg', 'bchain_header', 200867, 1, 1591203001),
(125, 455, 34, 8, 5, 'http://marker/servers/media/storage/2020/0603/e7cef64d20.jpg', '8c12ed98721b4edce92dc16aedd38d1a__980x &mdash; копия', 289058, 1, 1591203008),
(126, 457, 34, 10, 5, 'http://marker/servers/media/storage/2020/0603/e4e5a0a152.jpg', 'bchain_header', 200867, 1, 1591203014),
(127, 456, 34, 10, 5, 'http://marker/servers/media/storage/2020/0603/e4e5a0a152.jpg', 'bchain_header', 200867, 1, 1591203044),
(128, 464, 38, 13, 6, 'http://marker/servers/media/storage/2020/0603/f80101120e.png', '001', 115521, 0, 1591206196),
(129, 463, 38, 13, 6, 'http://marker/servers/media/storage/2020/0603/f80101120e.png', '001', 115521, 1, 1591206197),
(130, 457, 34, 10, 5, 'http://marker/servers/media/storage/2020/0603/e4e5a0a152.jpg', 'bchain_header', 200867, 1, 1591206511),
(131, 457, 34, 8, 5, 'http://marker/servers/media/storage/2020/0603/e7cef64d20.jpg', '8c12ed98721b4edce92dc16aedd38d1a__980x &mdash; копия', 289058, 1, 1591206541),
(132, 457, 34, 10, 5, 'http://marker/servers/media/storage/2020/0603/e4e5a0a152.jpg', 'bchain_header', 200867, 1, 1591206655),
(133, 457, 34, 8, 5, 'http://marker/servers/media/storage/2020/0603/e7cef64d20.jpg', '8c12ed98721b4edce92dc16aedd38d1a__980x &mdash; копия', 289058, 0, 1591206686),
(134, 476, 0, 0, 1, '/servers/media/storage/2020/0726/868af630b4.pdf', '2к_квартира-45м2-г._Москва_Ярцевская_д._31 АГЕНТ', 27346218, 0, 1595725926),
(135, 476, 0, 0, 1, '/servers/media/storage/2020/0726/c04a8ab354.pdf', 'order_kupibilet_ru_6216981341-0', 46497, 0, 1595727411),
(136, 476, 0, 0, 2, '/servers/media/storage/2020/0726/26ab1bb1d6.doc', '423_HouseFit_8171', 2166272, 0, 1595727418),
(137, 476, 0, 0, 2, '/servers/media/storage/2020/0726/0ea288c214.doc', '423_HouseFit_8171', 2166272, 0, 1595727477),
(138, 476, 0, 0, 2, '/servers/media/storage/2020/0726/8ac1e25b90.doc', '423_HouseFit_8171', 2166272, 0, 1595727504);

-- --------------------------------------------------------

--
-- Структура таблицы `product_groups`
--

CREATE TABLE `product_groups` (
  `group_id` bigint(19) UNSIGNED NOT NULL,
  `local_id` bigint(19) UNSIGNED NOT NULL DEFAULT '0',
  `company_id` bigint(19) UNSIGNED NOT NULL DEFAULT '0',
  `user_id` bigint(19) UNSIGNED NOT NULL DEFAULT '0',
  `customer_id` bigint(19) UNSIGNED NOT NULL DEFAULT '0',
  `contract_id` bigint(19) UNSIGNED NOT NULL DEFAULT '0',
  `label_id` bigint(19) UNSIGNED NOT NULL DEFAULT '0',
  `status` tinyint(1) UNSIGNED NOT NULL DEFAULT '0',
  `title` varchar(255) NOT NULL DEFAULT '',
  `quantity` int(11) UNSIGNED NOT NULL DEFAULT '0',
  `hidden` tinyint(1) UNSIGNED NOT NULL DEFAULT '0',
  `created` int(11) UNSIGNED NOT NULL DEFAULT '0'
) ENGINE=InnoDB DEFAULT CHARSET=utf8mb4;

--
-- Дамп данных таблицы `product_groups`
--

INSERT INTO `product_groups` (`group_id`, `local_id`, `company_id`, `user_id`, `customer_id`, `contract_id`, `label_id`, `status`, `title`, `quantity`, `hidden`, `created`) VALUES
(1, 0, 2, 0, 3, 0, 0, 0, 'Тестовая группа 7', 1, 1, 1588192285),
(9, 0, 2, 0, 3, 0, 0, 0, 'тест 1', 1, 1, 1588286954),
(10, 0, 2, 0, 3, 0, 0, 0, 'тест 17', 0, 1, 1588334260),
(11, 0, 2, 0, 0, 0, 0, 0, 'воыраоаааааааааааааааааааааааааааааааааааааааааааааааааааааааааааааааааааааааааааааааааааааааааааааааааааааааааа', 0, 1, 1588348257),
(12, 0, 2, 0, 0, 0, 0, 0, '111', 0, 1, 1588351593),
(13, 0, 2, 0, 0, 0, 0, 0, '111', 0, 1, 1588351637),
(14, 0, 2, 0, 0, 0, 0, 0, '1111', 0, 1, 1588351700),
(15, 0, 2, 0, 0, 0, 0, 0, 'ertetrert', 0, 1, 1588351746),
(16, 0, 2, 0, 0, 0, 0, 0, 'hgfhfgh', 0, 1, 1588351753),
(17, 0, 2, 0, 0, 0, 0, 0, 'fgfhggfh', 9, 1, 1588351782),
(18, 0, 2, 0, 0, 0, 0, 0, 'gfhfgh', 6, 1, 1588351806),
(19, 0, 2, 0, 0, 0, 0, 1, 'fghgfh', 5, 0, 1588351830),
(20, 0, 2, 0, 0, 0, 0, 0, 'dfgdfg', 0, 1, 1588351879),
(21, 0, 2, 0, 0, 0, 0, 0, 'sdfsdf', 0, 1, 1588351948),
(22, 0, 2, 0, 0, 0, 0, 0, 'dfgdfg', 0, 1, 1588351955),
(23, 0, 2, 0, 0, 0, 0, 0, 'sdfsdf', 0, 1, 1588351965),
(24, 0, 2, 0, 0, 0, 0, 0, 'fghgfhgfg', 1, 1, 1588352028),
(25, 0, 2, 0, 0, 0, 0, 0, 'dfgdfgdfgdfg', 1, 1, 1588352046),
(26, 0, 2, 0, 0, 0, 6, 1, 'gfhfgh', 6, 0, 1588352082),
(27, 0, 2, 0, 0, 0, 0, 0, 'fghfgh', 1, 1, 1588352116),
(28, 0, 2, 0, 0, 0, 0, 0, 'fghfgh', 3, 1, 1588352176),
(29, 0, 2, 0, 0, 0, 0, 0, '11111', 1, 1, 1588352186),
(30, 1, 2, 0, 3, 0, 0, 0, 'тест 1', 0, 1, 1588772163),
(31, 2, 2, 0, 3, 1, 0, 0, 'тест 1', 0, 1, 1588772227),
(32, 3, 2, 0, 3, 1, 0, 0, 'тест 1', 1, 1, 1588772342),
(33, 4, 2, 0, 3, 0, 0, 0, '', 5, 0, 1588864331),
(34, 1, 4, 0, 0, 0, 8, 0, '', 9, 0, 1590523543),
(35, 2, 4, 0, 0, 0, 0, 0, '', 0, 1, 1590628749),
(36, 3, 4, 0, 0, 0, 0, 0, '', 0, 1, 1590628798),
(37, 4, 4, 0, 0, 0, 0, 0, '', 0, 1, 1590628811),
(38, 5, 4, 0, 0, 0, 0, 0, 'тест 1', 3, 0, 1591206030),
(39, 5, 2, 0, 0, 0, 0, 0, '', 0, 1, 1593564979),
(40, 6, 2, 0, 0, 0, 0, 0, '', 0, 1, 1595547337),
(41, 6, 4, 0, 0, 0, 0, 1, '', 0, 0, 1595698569),
(42, 7, 2, 0, 0, 0, 0, 0, 'тест 1', 0, 0, 1595705645),
(43, 8, 2, 0, 0, 0, 0, 1, 'тест 2', 0, 1, 1595705651),
(44, 9, 2, 0, 0, 0, 0, 1, 'тест 3', 0, 1, 1595705655),
(45, 10, 2, 0, 0, 0, 0, 0, 'тест 4', 0, 1, 1595705659),
(46, 11, 2, 0, 0, 0, 0, 0, 'тест 5', 0, 0, 1595705662),
(47, 12, 2, 0, 0, 0, 0, 0, 'тест 6', 0, 0, 1595705666),
(48, 13, 2, 0, 0, 0, 0, 0, 'тест 7', 0, 0, 1595705669),
(49, 14, 2, 0, 0, 0, 0, 0, 'тест 8', 0, 0, 1595705673),
(50, 15, 2, 0, 0, 0, 0, 0, 'тест 9', 0, 0, 1595705680),
(51, 16, 2, 0, 0, 0, 0, 0, 'тест 10', 0, 0, 1595705684),
(52, 17, 2, 5, 0, 0, 0, 0, 'тестовая группа', 0, 0, 1595863275),
(53, 18, 2, 4, 0, 0, 0, 0, 'грузовое место 1', 3, 0, 1595863386),
(54, 19, 2, 4, 0, 0, 0, 0, 'грузовое место 2', 1, 0, 1595864616),
(55, 20, 2, 18, 0, 0, 0, 1, 'тест 1', 1, 0, 1596018384),
(56, 21, 2, 18, 0, 0, 0, 0, 'грузовое место', 1, 0, 1596018484),
(57, 22, 2, 18, 0, 0, 0, 0, 'грузовое место 2', 3, 0, 1596018582),
(58, 23, 2, 18, 0, 0, 0, 0, 'грузовое место 3', 5, 0, 1596018660),
(59, 24, 2, 4, 0, 0, 0, 0, 'fhgf', 0, 0, 1596112000),
(60, 7, 4, 6, 0, 0, 0, 0, 'грузовое место', 2, 0, 1597997078);

-- --------------------------------------------------------

--
-- Структура таблицы `product_group_files`
--

CREATE TABLE `product_group_files` (
  `group_file_id` bigint(19) UNSIGNED NOT NULL,
  `group_id` bigint(19) UNSIGNED NOT NULL DEFAULT '0',
  `status_id` tinyint(1) NOT NULL DEFAULT '0',
  `status_title` varchar(255) NOT NULL DEFAULT '',
  `type` tinyint(2) UNSIGNED NOT NULL DEFAULT '0',
  `path` varchar(255) NOT NULL DEFAULT '',
  `title` varchar(255) NOT NULL DEFAULT '',
  `size` int(11) UNSIGNED NOT NULL DEFAULT '0',
  `hidden` tinyint(1) UNSIGNED NOT NULL DEFAULT '0',
  `created` int(11) UNSIGNED NOT NULL DEFAULT '0'
) ENGINE=InnoDB DEFAULT CHARSET=utf8mb4;

--
-- Дамп данных таблицы `product_group_files`
--

INSERT INTO `product_group_files` (`group_file_id`, `group_id`, `status_id`, `status_title`, `type`, `path`, `title`, `size`, `hidden`, `created`) VALUES
(1, 34, 1, 'загружен', 5, '/servers/media/storage/2020/0527/e40375078f.jpg', '002', 576586, 1, 1590610281),
(2, 34, 1, 'загружен', 5, '/servers/media/storage/2020/0527/efc14e49f3.jpg', '002', 576586, 1, 1590610826),
(3, 34, 1, 'загружен', 5, '/servers/media/storage/2020/0527/1b943112b6.jpg', '005', 32154, 1, 1590610830),
(4, 34, 1, 'загружен', 6, '/servers/media/storage/2020/0527/d053af40c0.png', 'android-chrome-512x512', 29013, 1, 1590611221),
(5, 34, 1, 'загружен', 6, '/servers/media/storage/2020/0527/79eb36456e.png', '002', 405436, 1, 1590611421),
(6, 34, 1, 'загружен', 5, '/servers/media/storage/2020/0527/b79690a29e.jpg', '8c12ed98721b4edce92dc16aedd38d1a__980x', 289058, 1, 1590613049),
(7, 34, -1, 'не загружен, формат не поддерживается', 0, '/servers/media/storage/2020/0527/45d873a40f.exe', 'DXMD', 129560576, 1, 1590616669),
(8, 34, 1, 'загружен', 5, '/servers/media/storage/2020/0603/e7cef64d20.jpg', '8c12ed98721b4edce92dc16aedd38d1a__980x — копия', 289058, 0, 1591187740),
(9, 34, -1, 'не загружен, формат не поддерживается', 0, '/servers/media/storage/2020/0603/7a2071a6be.cer', 'voip_services', 1576, 0, 1591190860),
(10, 34, 1, 'загружен', 5, '/servers/media/storage/2020/0603/e4e5a0a152.jpg', 'bchain_header', 200867, 0, 1591193477),
(11, 38, 1, 'загружен', 6, '/servers/media/storage/2020/0603/ba8e6bffa4.png', '001', 115521, 1, 1591206055),
(12, 38, 1, 'загружен', 6, '/servers/media/storage/2020/0603/8c64f73f31.png', '001', 115521, 1, 1591206083),
(13, 38, 1, 'загружен', 6, '/servers/media/storage/2020/0603/f80101120e.png', '001', 115521, 0, 1591206192),
(14, 34, 1, 'загружен', 6, '/servers/media/storage/2020/0603/d25e92675a.png', '001', 115521, 0, 1591211543);

-- --------------------------------------------------------

--
-- Структура таблицы `product_options`
--

CREATE TABLE `product_options` (
  `option_id` bigint(19) UNSIGNED NOT NULL,
  `group_id` bigint(19) UNSIGNED NOT NULL DEFAULT '0',
  `product_id` bigint(19) UNSIGNED NOT NULL DEFAULT '0',
  `option_title` varchar(255) NOT NULL DEFAULT '',
  `option_value` varchar(255) NOT NULL DEFAULT '',
  `option_units_title` varchar(255) NOT NULL DEFAULT '',
  `option_units_id` tinyint(2) UNSIGNED NOT NULL DEFAULT '0',
  `hidden` tinyint(1) UNSIGNED NOT NULL DEFAULT '0',
  `created` int(11) UNSIGNED NOT NULL DEFAULT '0'
) ENGINE=InnoDB DEFAULT CHARSET=utf8mb4;

--
-- Дамп данных таблицы `product_options`
--

INSERT INTO `product_options` (`option_id`, `group_id`, `product_id`, `option_title`, `option_value`, `option_units_title`, `option_units_id`, `hidden`, `created`) VALUES
(3, 0, 159, 'тестовая характеристика 1', 'значение 1', '', 0, 0, 1584126784),
(4, 0, 159, 'тестовая характеристика 2', 'значение 2', '', 0, 0, 1584126784),
(5, 0, 160, 'характеристика 1', 'значение 1', '', 0, 0, 1584126948),
(6, 0, 160, 'характеристика 2', 'значение 2', '', 0, 0, 1584126948),
(7, 0, 161, '111', '11', '', 0, 0, 1584343537),
(8, 0, 161, '111', '22', '', 0, 0, 1584343537),
(9, 0, 162, '111', '222', '', 0, 0, 1584344770),
(10, 0, 162, '222', '11', '', 0, 0, 1584344770),
(11, 0, 162, '123', '123', '', 0, 0, 1584344770),
(12, 26, 163, 'Тип', 'Кран шаровой (подземный)', '', 0, 0, 1584359870),
(13, 26, 163, 'Обозначение изделия', 'МВ 39183-300', '', 0, 0, 1584359870),
(14, 26, 163, 'Заводской номер изделия', '6685', '', 0, 0, 1584359870),
(15, 26, 163, 'Номинальный диаметр (DN)', '300', '', 0, 0, 1584359870),
(16, 26, 163, 'Номинальное давление (Мпа)', '8', '', 0, 0, 1584359870),
(17, 26, 163, 'Исполнение', 'ПЛ1', '', 0, 0, 1584359870),
(18, 26, 163, 'Тип привода', 'Пневмогидропривод', '', 0, 0, 1584359870),
(19, 26, 163, 'ТУ', '26-07-1466-92', '', 0, 0, 1584359870),
(20, 0, 171, '111', '222', '', 0, 0, 1584983479),
(21, 0, 172, '111', '222', '', 0, 0, 1584983517),
(22, 26, 194, 'тест 1', 'тест 2', '', 0, 0, 1585035637),
(23, 0, 202, 'например', 'тест 1', '', 0, 0, 1585066317),
(24, 0, 204, '111', '222', '', 0, 0, 1585123250),
(31, 0, 234, 'тест 1', 'значение 1', '', 0, 0, 1585150856),
(32, 0, 234, 'тест 2', 'значение 2', '', 0, 0, 1585150856),
(33, 0, 234, 'тест 3', 'значение 3', '', 0, 0, 1585160613),
(34, 0, 234, 'тест 4', 'значение 4', '', 0, 0, 1585160613),
(35, 0, 234, 'тест 5', 'значение 5', '', 0, 0, 1585160613),
(37, 0, 258, 'тест 1', '123', 'км', 0, 0, 1585247048),
(38, 0, 258, 'тест 2', '345', 'МПa', 0, 0, 1585251902),
(39, 0, 258, 'тест 3', '1', 'лет', 0, 0, 1585253293),
(40, 0, 258, 'тест 4', '2', 'гр', 0, 0, 1585253293),
(41, 0, 258, 'тест 5', '3', 'м3', 0, 0, 1585253293),
(42, 0, 267, 'Плавка', '201076', '', 0, 0, 1587389419),
(43, 0, 267, 'Длина', '12', 'м', 0, 0, 1587389419),
(44, 0, 267, 'Покрытие', 'ПВД-УС(ВУС)', '', 0, 0, 1587389419),
(45, 0, 267, 'Дата покрытия', '03.2020', '', 0, 0, 1587392293),
(46, 0, 267, 'Партия', '159', '', 0, 0, 1587392293),
(47, 0, 267, 'Сертификат', '985 от 04.02.2020', '', 0, 0, 1587392293),
(48, 0, 267, 'ТУ', '1390-002-70403923-2004', '', 0, 0, 1587720193),
(49, 0, 267, 'СКК', '1', '', 0, 0, 1587720210),
(50, 0, 267, '№ трубы', '100', '', 0, 0, 1587720599),
(51, 0, 267, 'Пакет', '2-06601', '', 0, 0, 1587720599),
(52, 0, 274, 'пакет', '2-06601', '', 0, 0, 1587721523),
(53, 0, 274, 'плавка', '201496', '', 0, 0, 1587721523),
(54, 0, 274, '№ трубы', '101', '', 0, 0, 1587721523),
(55, 0, 274, 'длина', '11,54', '', 0, 0, 1587721523),
(56, 0, 274, 'покрытие', 'ЗУ', '', 0, 0, 1587721523),
(57, 0, 274, 'ТУ', '1390-004-70403923-2009', '', 0, 0, 1587721523),
(58, 0, 274, 'СКК', '1', '', 0, 0, 1587721523),
(59, 0, 274, 'партия', '248г', '', 0, 0, 1587721523),
(60, 0, 274, 'дата покрытия', '04.2020', '', 0, 0, 1587721523),
(61, 0, 274, 'сертификат', '2641 от 18.04.2020', '', 0, 0, 1587721564),
(86, 0, 430, 'Тип', 'Кран шаровой (подземный)', '', 0, 0, 1589139707),
(87, 0, 430, 'Обозначение изделия', 'МВ 39183-300', '', 0, 0, 1589139707),
(88, 0, 430, 'Заводской номер изделия', '6685', '', 0, 0, 1589139707),
(89, 0, 430, 'Номинальный диаметр (DN)', '300', '', 0, 0, 1589139707),
(90, 0, 430, 'Номинальное давление (Мпа)', '8', '', 0, 0, 1589139707),
(91, 0, 430, 'Исполнение', 'ПЛ1', '', 0, 0, 1589139707),
(92, 0, 430, 'Тип привода', 'Пневмогидропривод', '', 0, 0, 1589139707),
(93, 0, 430, 'ТУ', '26-07-1466-92', '', 0, 0, 1589139707),
(94, 0, 431, 'Тип', 'Кран шаровой (подземный)', '', 0, 0, 1589139711),
(95, 0, 431, 'Обозначение изделия', 'МВ 39183-300', '', 0, 0, 1589139711),
(96, 0, 431, 'Заводской номер изделия', '6685', '', 0, 0, 1589139711),
(97, 0, 431, 'Номинальный диаметр (DN)', '300', '', 0, 0, 1589139711),
(98, 0, 431, 'Номинальное давление (Мпа)', '8', '', 0, 0, 1589139711),
(99, 0, 431, 'Исполнение', 'ПЛ1', '', 0, 0, 1589139711),
(100, 0, 431, 'Тип привода', 'Пневмогидропривод', '', 0, 0, 1589139711),
(101, 0, 431, 'ТУ', '26-07-1466-92', '', 0, 0, 1589139711),
(102, 0, 432, 'Тип', 'Кран шаровой (подземный)', '', 0, 0, 1589139721),
(103, 0, 432, 'Обозначение изделия', 'МВ 39183-300', '', 0, 0, 1589139721),
(104, 0, 432, 'Заводской номер изделия', '6685', '', 0, 0, 1589139721),
(105, 0, 432, 'Номинальный диаметр (DN)', '300', '', 0, 0, 1589139721),
(106, 0, 432, 'Номинальное давление (Мпа)', '8', '', 0, 0, 1589139721),
(107, 0, 432, 'Исполнение', 'ПЛ1', '', 0, 0, 1589139721),
(108, 0, 432, 'Тип привода', 'Пневмогидропривод', '', 0, 0, 1589139721),
(109, 0, 432, 'ТУ', '26-07-1466-92', '', 0, 0, 1589139721),
(110, 0, 433, 'Тип', 'Кран шаровой (подземный)', '', 0, 0, 1589139734),
(111, 0, 433, 'Обозначение изделия', 'МВ 39183-300', '', 0, 0, 1589139734),
(112, 0, 433, 'Заводской номер изделия', '6685', '', 0, 0, 1589139734),
(113, 0, 433, 'Номинальный диаметр (DN)', '300', '', 0, 0, 1589139734),
(114, 0, 433, 'Номинальное давление (Мпа)', '8', '', 0, 0, 1589139734),
(115, 0, 433, 'Исполнение', 'ПЛ1', '', 0, 0, 1589139734),
(116, 0, 433, 'Тип привода', 'Пневмогидропривод', '', 0, 0, 1589139734),
(117, 0, 433, 'ТУ', '26-07-1466-92', '', 0, 0, 1589139734),
(134, 26, 436, 'Тип', 'Кран шаровой (подземный)', '', 0, 0, 1589140010),
(135, 26, 436, 'Обозначение изделия', 'МВ 39183-300', '', 0, 0, 1589140010),
(136, 26, 436, 'Заводской номер изделия', '6685', '', 0, 0, 1589140010),
(137, 26, 436, 'Номинальный диаметр (DN)', '300', '', 0, 0, 1589140010),
(138, 26, 436, 'Номинальное давление (Мпа)', '8', '', 0, 0, 1589140010),
(139, 26, 436, 'Исполнение', 'ПЛ1', '', 0, 0, 1589140010),
(140, 26, 436, 'Тип привода', 'Пневмогидропривод', '', 0, 0, 1589140010),
(141, 26, 436, 'ТУ', '26-07-1466-92', '', 0, 0, 1589140010),
(142, 26, 437, 'тест 1', 'тест 2', '', 0, 0, 1589140041),
(143, 26, 438, 'тест 1', 'тест 2', '', 0, 0, 1589140186),
(144, 0, 86, 'Характеристика 1', '111', '', 0, 0, 1589817825),
(145, 0, 86, 'Характеристика 2', '222', '', 0, 0, 1589817825),
(146, 0, 86, 'Характеристика 3', '333', '', 0, 0, 1589817825),
(147, 0, 27, 'Номер трубы', '1', '', 0, 0, 1589847006),
(148, 0, 86, 'Характеристика X', 'XXX', '', 0, 0, 1589847674),
(170, 0, 274, 'Поставщик', 'АО \"ВТЗ\" ТУ14-3Р-124-2017', '', 0, 0, 1590523082),
(171, 0, 274, 'Партия трубы', '111', '', 0, 0, 1590523082),
(172, 0, 274, 'Покрытие внутреннее', '2У ТУ 1390-004-70403923-2009', '', 0, 0, 1590523082),
(173, 0, 274, 'Покрытие внешнее', '2У ТУ 1390-004-70403923-2009', '', 0, 0, 1590523082),
(174, 34, 451, 'тест 1', 'значение 1', '', 0, 0, 1590611089),
(175, 34, 457, 'характеристика 1', 'значение 1', '', 0, 0, 1590619702),
(176, 34, 457, 'характеристика 2', 'значение 2', '', 0, 0, 1590621679),
(177, 34, 457, 'характеристика 3', 'значение 3', '', 0, 0, 1590621679),
(178, 34, 457, 'Поставщик', '', '', 0, 0, 1590621795),
(179, 34, 457, '№ Трубы', '357', '', 0, 0, 1590621795),
(180, 34, 457, 'Сертификат', 'сертификат 1', '', 0, 0, 1590621795),
(181, 34, 457, 'Покрытие внешнее', '', '', 0, 0, 1590621795),
(182, 34, 457, 'Партия трубы', '', '', 0, 0, 1590621795),
(183, 34, 457, 'Длина', '', '', 0, 0, 1590621795),
(184, 34, 457, 'Плавка', '', '', 0, 0, 1590621795),
(185, 34, 457, 'Покрытие внутреннее', '', '', 0, 0, 1590621795),
(186, 34, 457, 'Партия', '', '', 0, 0, 1590621795),
(187, 34, 457, 'СКК', '', '', 0, 0, 1590621795),
(188, 34, 457, 'Дата покрытия', '', '', 0, 0, 1590621795),
(189, 34, 462, 'пакет', '2-06601', '', 0, 0, 1590627719),
(190, 34, 462, 'плавка', '201496', '', 0, 0, 1590627719),
(191, 34, 462, '№ трубы', '101', '', 0, 0, 1590627719),
(192, 34, 462, 'длина', '11,54', '', 0, 0, 1590627719),
(193, 34, 462, 'покрытие', 'ЗУ', '', 0, 0, 1590627719),
(194, 34, 462, 'ТУ', '1390-004-70403923-2009', '', 0, 0, 1590627719),
(196, 34, 462, 'партия', '248г', '', 0, 0, 1590627719),
(197, 34, 462, 'дата покрытия', '04.2020', '', 0, 0, 1590627719),
(198, 34, 462, 'сертификат', '2641 от 18.04.2020', '', 0, 0, 1590627719),
(199, 34, 462, 'Поставщик', 'АО \"ВТЗ\" ТУ14-3Р-124-2017', '', 0, 0, 1590627719),
(200, 34, 462, 'Партия трубы', '111', '', 0, 0, 1590627719),
(201, 34, 462, 'Покрытие внутреннее', '2У ТУ 1390-004-70403923-2009', '', 0, 0, 1590627719),
(202, 34, 462, 'Покрытие внешнее', '2У ТУ 1390-004-70403923-2009', '', 0, 0, 1590627719),
(203, 34, 458, '11', '22', '', 0, 0, 1590627851),
(204, 34, 462, 'новое ССК', '3', '', 0, 0, 1592061466),
(205, 53, 479, 'количество', '10', 'шт.', 0, 0, 1595863563),
(206, 53, 480, 'количество', '4', 'шт.', 0, 0, 1595864558),
(207, 53, 481, 'количество', '2', 'шт.', 0, 0, 1595864585),
(209, 56, 488, 'цвет', 'белый', '', 0, 0, 1596018551),
(210, 56, 488, 'вес', '10', 'гр', 0, 0, 1596018551),
(211, 0, 497, 'Диаметр', '20', 'см', 0, 0, 1596110833),
(212, 0, 497, 'Толщина стенки', '10', 'мм', 0, 0, 1596110833);

-- --------------------------------------------------------

--
-- Структура таблицы `scans`
--

CREATE TABLE `scans` (
  `id` bigint(19) UNSIGNED NOT NULL,
  `company_id` bigint(19) UNSIGNED NOT NULL DEFAULT '0',
  `user_id` bigint(19) UNSIGNED NOT NULL DEFAULT '0',
  `product_id` bigint(19) UNSIGNED NOT NULL DEFAULT '0',
  `source` tinyint(1) UNSIGNED NOT NULL DEFAULT '0',
  `lat` float(11,7) NOT NULL DEFAULT '0.0000000',
  `lng` float(11,7) NOT NULL DEFAULT '0.0000000',
  `created` int(11) UNSIGNED NOT NULL DEFAULT '0'
) ENGINE=InnoDB DEFAULT CHARSET=utf8mb4;

--
-- Дамп данных таблицы `scans`
--

INSERT INTO `scans` (`id`, `company_id`, `user_id`, `product_id`, `source`, `lat`, `lng`, `created`) VALUES
(1, 4, 3, 86, 0, 0.0000000, 0.0000000, 1585751814),
(4, 4, 3, 86, 0, 0.0000000, 0.0000000, 1585753996),
(5, 4, 3, 86, 0, 0.0000000, 0.0000000, 1585754013),
(6, 1, 0, 86, 1, 55.7712250, 37.6551781, 1589320145);

-- --------------------------------------------------------

--
-- Структура таблицы `sessions`
--

CREATE TABLE `sessions` (
  `sid` bigint(19) UNSIGNED NOT NULL,
  `user_id` bigint(19) UNSIGNED NOT NULL DEFAULT '0',
  `company_id` bigint(19) UNSIGNED NOT NULL DEFAULT '0',
  `token` char(40) NOT NULL DEFAULT '',
  `access` tinyint(1) UNSIGNED NOT NULL DEFAULT '0',
  `short` tinyint(1) UNSIGNED NOT NULL DEFAULT '0',
  `tz` smallint(4) NOT NULL DEFAULT '0',
  `created` int(11) UNSIGNED NOT NULL DEFAULT '0',
  `logged` int(11) UNSIGNED NOT NULL DEFAULT '0',
  `updated` int(11) UNSIGNED NOT NULL DEFAULT '0'
) ENGINE=InnoDB DEFAULT CHARSET=utf8mb4;

--
-- Дамп данных таблицы `sessions`
--

INSERT INTO `sessions` (`sid`, `user_id`, `company_id`, `token`, `access`, `short`, `tz`, `created`, `logged`, `updated`) VALUES
(569, 0, 0, '', 0, 0, 180, 1584357690, 1598470360, 1598427329),
(570, 3, 2, '99bb2482956ae0ac576dd7c0db172fea0d3e49e2', 2, 0, 180, 1585750609, 1585750609, 0),
(571, 0, 0, '', 0, 0, 180, 1585750679, 1585750679, 0),
(572, 3, 2, 'b14a6500109184d6fe28f682d41716675536674f', 2, 0, 180, 1585750788, 1585750788, 0),
(573, 3, 2, '72fba4a7286c5082d3d4f758dca09b6d68b25905', 2, 0, 180, 1585750845, 1585750845, 0),
(574, 3, 2, 'dca09b6d68b2590524ef4fa854f7825f2c839d88', 2, 0, 180, 1585750868, 1585750868, 0),
(575, 3, 2, 'a09b6d68b2590524ef4fa854f7825f2c839d8844', 2, 0, 180, 1585750870, 1585750870, 0),
(576, 3, 2, '09b6d68b2590524ef4fa854f7825f2c839d88444', 2, 0, 180, 1585750872, 1585750872, 0),
(577, 3, 2, 'b6d68b2590524ef4fa854f7825f2c839d88444ce', 2, 0, 180, 1585750873, 1585750873, 0),
(578, 3, 2, '6d68b2590524ef4fa854f7825f2c839d88444ceb', 2, 0, 180, 1585750875, 1585750875, 0),
(579, 3, 2, 'd68b2590524ef4fa854f7825f2c839d88444ceb6', 2, 0, 180, 1585750876, 1585750876, 0),
(580, 3, 2, '8b2590524ef4fa854f7825f2c839d88444ceb66b', 2, 0, 180, 1585750878, 1585750878, 0),
(581, 3, 2, '590524ef4fa854f7825f2c839d88444ceb66b161', 2, 0, 180, 1585750880, 1585750880, 0),
(582, 3, 2, '0524ef4fa854f7825f2c839d88444ceb66b161bc', 2, 0, 180, 1585750883, 1585750883, 0),
(583, 3, 2, '4ef4fa854f7825f2c839d88444ceb66b161bcc0a', 2, 0, 180, 1585750885, 1585750885, 0),
(584, 3, 2, 'f4fa854f7825f2c839d88444ceb66b161bcc0abc', 2, 0, 180, 1585750888, 1585750888, 0),
(585, 3, 2, 'a854f7825f2c839d88444ceb66b161bcc0abc49f', 2, 0, 180, 1585750891, 1585750891, 0),
(586, 3, 2, '0f2776c3cc4cb0086764590dee8f2663014be42f', 2, 0, 180, 1585754388, 1585754388, 0),
(587, 3, 2, '9355d2b4529f0910bb6264da943ed29b8683274f', 2, 0, 180, 1591809463, 1591809463, 0),
(588, 22, 4, '98058ae5fe6f225515ee5bf4009c881ea38a9b35', 4, 0, 180, 1598483899, 1598484983, 1598484834),
(589, 22, 4, 'db9d9faed7836e812d17967141b9ee78e3a2a0de', 4, 0, 180, 1598485866, 1602011328, 1601972192);

-- --------------------------------------------------------

--
-- Структура таблицы `stats_periods`
--

CREATE TABLE `stats_periods` (
  `id` bigint(19) UNSIGNED NOT NULL,
  `company_id` bigint(19) UNSIGNED NOT NULL DEFAULT '0',
  `period` int(11) UNSIGNED NOT NULL DEFAULT '0',
  `files` int(11) UNSIGNED NOT NULL DEFAULT '0',
  `products` int(11) UNSIGNED NOT NULL DEFAULT '0',
  `size` bigint(19) UNSIGNED NOT NULL DEFAULT '0'
) ENGINE=InnoDB DEFAULT CHARSET=utf8mb4;

--
-- Дамп данных таблицы `stats_periods`
--

INSERT INTO `stats_periods` (`id`, `company_id`, `period`, `files`, `products`, `size`) VALUES
(1, 2, 1595721600, 8, 7, 34513816),
(9, 2, 1595635200, 0, 0, 0),
(10, 2, 1595548800, 0, 0, 0),
(11, 2, 1595462400, 0, 0, 0),
(12, 2, 1595376000, 0, 0, 0),
(13, 2, 1595289600, 0, 0, 0),
(14, 2, 1595203200, 0, 0, 0),
(15, 2, 1595808000, 34, 5, 3022600),
(16, 2, 1595894400, 0, 0, 0),
(17, 2, 1595980800, 25, 10, 4628862),
(18, 2, 1596067200, 4, 2, 73932839),
(19, 2, 1596499200, 0, 0, 0),
(20, 2, 1596412800, 0, 0, 0),
(21, 2, 1596326400, 0, 0, 0),
(22, 2, 1596240000, 0, 0, 0),
(23, 2, 1596153600, 0, 0, 0),
(24, 2, 1596585600, 0, 0, 0),
(25, 2, 1596672000, 0, 0, 0),
(26, 2, 1597190400, 0, 0, 0),
(27, 2, 1597104000, 0, 0, 0),
(28, 2, 1597017600, 0, 0, 0),
(29, 2, 1596931200, 0, 0, 0),
(30, 2, 1596844800, 0, 0, 0),
(31, 2, 1596758400, 0, 0, 0),
(32, 2, 1597276800, 0, 0, 0),
(33, 2, 1597622400, 1, 0, 67639),
(34, 4, 1597968000, 0, 2, 0),
(35, 2, 1598140800, 0, 0, 0),
(36, 2, 1598054400, 0, 0, 0),
(37, 2, 1597968000, 0, 0, 0),
(38, 2, 1597881600, 0, 0, 0),
(39, 2, 1597795200, 0, 0, 0),
(40, 2, 1597708800, 0, 0, 0),
(41, 2, 1598227200, 0, 0, 0),
(42, 2, 1598400000, 0, 0, 0),
(43, 2, 1598313600, 0, 0, 0),
(44, 2, 1598486400, 0, 0, 0),
(45, 2, 1599004800, 0, 0, 0),
(46, 2, 1598918400, 0, 0, 0),
(47, 2, 1598832000, 0, 0, 0),
(48, 2, 1598745600, 0, 0, 0),
(49, 2, 1598659200, 0, 0, 0),
(50, 2, 1598572800, 0, 0, 0),
(51, 2, 1599264000, 18, 0, 448332),
(52, 2, 1599177600, 0, 0, 0),
(53, 2, 1599091200, 0, 0, 0),
(54, 2, 1599350400, 13, 0, 154843),
(55, 2, 1599436800, 4, 0, 47644),
(56, 2, 1599523200, 7, 0, 83377),
(57, 2, 1599696000, 1, 0, 11911);

-- --------------------------------------------------------

--
-- Структура таблицы `stats_users`
--

CREATE TABLE `stats_users` (
  `id` bigint(19) UNSIGNED NOT NULL,
  `access` tinyint(1) UNSIGNED NOT NULL DEFAULT '0',
  `company_id` bigint(19) UNSIGNED NOT NULL DEFAULT '0',
  `user_id` bigint(19) UNSIGNED NOT NULL DEFAULT '0',
  `group_id` int(11) UNSIGNED NOT NULL DEFAULT '0',
  `period` int(11) UNSIGNED NOT NULL DEFAULT '0',
  `files` int(11) UNSIGNED NOT NULL DEFAULT '0',
  `products` int(11) UNSIGNED NOT NULL DEFAULT '0',
  `size` bigint(19) UNSIGNED NOT NULL DEFAULT '0',
  `time` int(11) UNSIGNED NOT NULL DEFAULT '0',
  `visits` int(11) UNSIGNED NOT NULL DEFAULT '0',
  `views` int(11) UNSIGNED NOT NULL DEFAULT '0',
  `logins` int(11) UNSIGNED NOT NULL DEFAULT '0',
  `last_active` int(11) UNSIGNED NOT NULL DEFAULT '0'
) ENGINE=InnoDB DEFAULT CHARSET=utf8mb4;

--
-- Дамп данных таблицы `stats_users`
--

INSERT INTO `stats_users` (`id`, `access`, `company_id`, `user_id`, `group_id`, `period`, `files`, `products`, `size`, `time`, `visits`, `views`, `logins`, `last_active`) VALUES
(14, 2, 2, 3, 0, 1598140800, 0, 0, 0, 702, 2, 59, 2, 1598197788),
(15, 3, 2, 18, 5, 1598140800, 0, 0, 0, 5, 1, 2, 1, 1598189477),
(16, 3, 2, 18, 5, 1598054400, 2, 2, 0, 30, 1, 1, 1, 0),
(17, 3, 2, 18, 5, 1597536000, 1, 1, 0, 5, 2, 2, 2, 0),
(18, 2, 2, 3, 0, 1598227200, 0, 0, 0, 5, 1, 1, 0, 1598305657),
(19, 2, 2, 3, 0, 1598400000, 0, 0, 0, 48, 4, 7, 1, 1598470360),
(20, 3, 4, 6, 0, 1598400000, 0, 0, 0, 5, 1, 2, 1, 1598483899),
(21, 4, 4, 22, 0, 1598400000, 0, 0, 0, 254, 1, 34, 4, 1598486329),
(22, 2, 2, 3, 0, 1598486400, 0, 0, 0, 5, 1, 2, 1, 1598486668),
(23, 4, 4, 22, 0, 1598486400, 0, 0, 0, 20, 1, 6, 2, 1598516726),
(24, 3, 4, 6, 0, 1598486400, 0, 0, 0, 13, 1, 3, 1, 1598517353),
(25, 3, 2, 5, 2, 1598486400, 0, 0, 0, 81, 1, 6, 1, 1598517442),
(26, 3, 4, 6, 0, 1598918400, 0, 0, 0, 515, 3, 37, 1, 1598972794),
(27, 2, 2, 3, 0, 1599004800, 0, 0, 0, 19, 1, 5, 1, 1599048181),
(28, 2, 2, 3, 0, 1599264000, 0, 0, 0, 157, 2, 14, 1, 1599321186),
(29, 3, 2, 4, 1, 1599264000, 0, 0, 0, 1578, 5, 111, 10, 1599349786),
(30, 3, 2, 5, 2, 1599264000, 18, 0, 448332, 3542, 2, 182, 9, 1599349809),
(31, 3, 2, 5, 2, 1599350400, 13, 0, 154843, 652, 1, 60, 9, 1599355403),
(32, 3, 2, 4, 1, 1599350400, 0, 0, 0, 326, 1, 49, 10, 1599355479),
(33, 2, 2, 3, 0, 1599350400, 0, 0, 0, 86, 1, 7, 2, 1599354193),
(34, 3, 2, 4, 1, 1599436800, 0, 0, 0, 176, 2, 26, 3, 1599509062),
(35, 3, 2, 5, 2, 1599436800, 4, 0, 47644, 164, 2, 16, 4, 1599507075),
(36, 3, 2, 18, 5, 1599436800, 0, 0, 0, 15, 2, 5, 2, 1599507430),
(37, 3, 2, 4, 1, 1599523200, 0, 0, 0, 583, 6, 45, 2, 1599589050),
(38, 3, 2, 16, 3, 1599523200, 1, 0, 11911, 26, 1, 3, 1, 1599529288),
(39, 3, 2, 5, 2, 1599523200, 6, 0, 71466, 526, 3, 36, 1, 1599601029),
(40, 3, 2, 18, 5, 1599523200, 0, 0, 0, 66, 1, 4, 1, 1599601177),
(41, 3, 2, 18, 5, 1599609600, 0, 0, 0, 5, 1, 1, 0, 1599685927),
(42, 3, 2, 18, 5, 1599696000, 1, 0, 11911, 70, 1, 11, 0, 1599742320),
(43, 3, 2, 4, 1, 1599696000, 0, 0, 0, 36, 2, 6, 1, 1599744296),
(44, 3, 2, 4, 1, 1600041600, 0, 0, 0, 10, 1, 2, 0, 1600087404),
(45, 4, 4, 22, 0, 1600041600, 0, 0, 0, 1536, 4, 101, 1, 1600114270),
(46, 4, 4, 22, 0, 1600128000, 0, 0, 0, 307, 1, 32, 0, 1600205878),
(47, 4, 4, 22, 0, 1600214400, 0, 0, 0, 5, 1, 1, 0, 1600243671),
(48, 4, 4, 22, 0, 1601942400, 0, 0, 0, 790, 3, 63, 3, 1602012613),
(49, 3, 4, 6, 0, 1601942400, 0, 0, 0, 145, 3, 14, 2, 1602010872);

-- --------------------------------------------------------

--
-- Структура таблицы `support_messages`
--

CREATE TABLE `support_messages` (
  `message_id` bigint(19) NOT NULL,
  `ticket_id` bigint(19) UNSIGNED NOT NULL DEFAULT '0',
  `initial` tinyint(1) NOT NULL DEFAULT '0',
  `body` varchar(255) NOT NULL DEFAULT '',
  `role` tinyint(1) NOT NULL DEFAULT '0',
  `created` int(11) UNSIGNED NOT NULL DEFAULT '0'
) ENGINE=InnoDB DEFAULT CHARSET=utf8mb4;

--
-- Дамп данных таблицы `support_messages`
--

INSERT INTO `support_messages` (`message_id`, `ticket_id`, `initial`, `body`, `role`, `created`) VALUES
(1, 4, 1, 'тест 123', 0, 1598962894),
(2, 4, 0, 'тест 2', 0, 1598962945),
(3, 4, 0, 'тест 3', 0, 1598962949),
(4, 4, 0, 'Тикет закрыт', 0, 1598962994),
(5, 5, 1, 'ываываыва', 0, 1598963086),
(6, 6, 1, 'ываыав', 0, 1598963096),
(7, 5, 0, 'Тикет закрыт', 0, 1598963160),
(8, 7, 1, '111', 0, 1598963180),
(9, 8, 1, 'тест тест тест тест тест тест тест тест тест тест тест тест тест тест тест тест тест тест тест тест тест тест тест тест тест тест тест тест тест тест тест тест тест тест тест тест тест тест тест тест тест тест тест тест тест тест тест тест тест тест тест ', 0, 1598963231),
(10, 7, 0, 'Тикет закрыт', 0, 1598963339),
(11, 9, 1, 'ааааааааааааааааааааааааааааааааааааааааааааааааааааааааааааааааааааааааааааааааааааааааааааааааааааааааааааааааааааааааааааааааааааааааааааааааааааааааааааааааааааааааааааааааааааааааааааааааааааааааааааааааааааааааааааааааааааааааааааааааааааааааааааааа', 0, 1598963482),
(12, 9, 0, 'тест 1', 0, 1598963862),
(13, 10, 1, 'тест новый тест', 0, 1598964066),
(14, 10, 0, 'Тикет закрыт', 0, 1598964162);

-- --------------------------------------------------------

--
-- Структура таблицы `support_tickets`
--

CREATE TABLE `support_tickets` (
  `ticket_id` bigint(19) NOT NULL,
  `user_id` bigint(19) NOT NULL,
  `status` tinyint(1) NOT NULL DEFAULT '0',
  `title` varchar(255) NOT NULL DEFAULT '',
  `snippet` varchar(255) NOT NULL DEFAULT '',
  `created` int(11) UNSIGNED NOT NULL DEFAULT '0',
  `updated` int(11) UNSIGNED NOT NULL DEFAULT '0'
) ENGINE=InnoDB DEFAULT CHARSET=utf8mb4;

--
-- Дамп данных таблицы `support_tickets`
--

INSERT INTO `support_tickets` (`ticket_id`, `user_id`, `status`, `title`, `snippet`, `created`, `updated`) VALUES
(1, 3, 0, 'Получение доступа для сотрудников компании', 'Доброй ночи! Мне ...', 1598575319, 1598575319),
(2, 3, 2, 'Спасибо огромное! Стало легче маркировать продукцию.', 'Спасибо', 1598575546, 1598575546),
(3, 6, 0, 'тест 1', 'тестовое сообщение', 1598953900, 0),
(4, 6, 2, 'тест 2', 'тест 123', 1598962894, 1598962994),
(5, 6, 2, 'тест 17', 'ываываыва', 1598963086, 1598963160),
(6, 6, 0, 'тест 20', 'ываыав', 1598963096, 0),
(7, 6, 2, 'тест 111', '111', 1598963180, 1598963339),
(8, 6, 0, 'тест тест тест тест тест тест тест тест тест тест тест тест тест тест тест тест тест тест тест тест тест тест тест тест тест тест тест тест тест тест тест тест ', 'тест тест тест тест тест тест тест тест тест те...', 1598963231, 0),
(9, 6, 0, 'ааааааааааааааааааааааааааааааааааааааааааааааааааааааааааааааааааааааааааааааааа', 'ааааааааааааааааааааааааааааааааааааааааааааааа...', 1598963482, 1598963862),
(10, 6, 2, 'тест 1', 'тест новый тест', 1598964066, 1598964162);

-- --------------------------------------------------------

--
-- Структура таблицы `tasks`
--

CREATE TABLE `tasks` (
  `task_id` bigint(19) UNSIGNED NOT NULL,
  `company_id` bigint(19) UNSIGNED NOT NULL DEFAULT '0',
  `status` tinyint(1) UNSIGNED NOT NULL DEFAULT '0',
  `title` varchar(255) NOT NULL DEFAULT '',
  `products_all` int(11) UNSIGNED NOT NULL DEFAULT '0',
  `products_active` int(11) UNSIGNED NOT NULL DEFAULT '0',
  `date_end` int(11) UNSIGNED NOT NULL DEFAULT '0',
  `hidden` tinyint(1) UNSIGNED NOT NULL DEFAULT '0',
  `created` int(11) UNSIGNED NOT NULL DEFAULT '0'
) ENGINE=InnoDB DEFAULT CHARSET=utf8mb4;

--
-- Дамп данных таблицы `tasks`
--

INSERT INTO `tasks` (`task_id`, `company_id`, `status`, `title`, `products_all`, `products_active`, `date_end`, `hidden`, `created`) VALUES
(1, 2, 1, 'Список ДП 876878556', 12, 0, 0, 1, 1584112213),
(2, 2, 1, 'Список ДП 876878551', 31, 0, 0, 1, 1584112238),
(3, 2, 0, 'Список ДП 876878538', 12, 5, 0, 1, 1584113659),
(4, 2, 0, 'Список ДП 876878539', 20, 20, 0, 1, 1584113659),
(5, 2, 0, 'Список ДП 876878551', 28, 28, 0, 1, 1584113659),
(6, 0, 0, '123', 0, 0, 0, 1, 1584552265),
(7, 2, 0, 'тест 1', 2, 2, 0, 1, 1584646812),
(8, 2, 0, 'тестовое задание 1', 4, 4, 0, 1, 1584647103),
(9, 2, 0, 'тест 2', 2, 2, 1596240000, 1, 1584651149),
(10, 2, 1, 'Список ДП 876878556', 3, 0, 1583798400, 0, 1584654662),
(11, 2, 1, 'Список ДП 876878551', 5, 0, 1584230400, 0, 1584654692),
(12, 2, 0, 'Список ДП 876878538', 3, 3, 1585526400, 0, 1584654798),
(13, 2, 0, 'Список ДП 876878538', 3, 3, 1588291200, 0, 1584654841),
(14, 2, 0, 'Список ДП 876878539', 2, 2, 1588291200, 0, 1584654902),
(15, 2, 0, 'Список ДП 876878551', 1, 1, 1585094400, 0, 1584654939),
(16, 2, 0, 'Тест 1', 2, 2, 1577836800, 1, 1584658555),
(17, 2, 0, '123', 1, 1, 1577836800, 1, 1584830264),
(18, 2, 0, 'Список ДП 876878557', 2, 2, 1585612800, 0, 1585503288);

-- --------------------------------------------------------

--
-- Структура таблицы `task_products`
--

CREATE TABLE `task_products` (
  `id` bigint(19) UNSIGNED NOT NULL,
  `task_id` bigint(19) UNSIGNED NOT NULL DEFAULT '0',
  `product_id` bigint(19) UNSIGNED NOT NULL DEFAULT '0',
  `status` tinyint(1) UNSIGNED NOT NULL DEFAULT '0'
) ENGINE=InnoDB DEFAULT CHARSET=utf8mb4;

--
-- Дамп данных таблицы `task_products`
--

INSERT INTO `task_products` (`id`, `task_id`, `product_id`, `status`) VALUES
(1, 7, 163, 0),
(2, 7, 156, 0),
(3, 8, 163, 0),
(4, 8, 156, 0),
(5, 8, 129, 0),
(6, 8, 128, 0),
(7, 9, 156, 0),
(8, 9, 163, 0),
(9, 10, 129, 0),
(10, 10, 120, 0),
(11, 10, 114, 0),
(12, 11, 126, 0),
(13, 11, 86, 0),
(14, 11, 29, 0),
(15, 11, 26, 0),
(16, 11, 22, 0),
(17, 12, 163, 0),
(18, 12, 156, 0),
(19, 12, 125, 0),
(20, 13, 11, 0),
(21, 13, 7, 0),
(22, 13, 1, 0),
(23, 14, 27, 0),
(24, 14, 3, 0),
(25, 15, 163, 0),
(27, 16, 129, 0),
(28, 16, 156, 0),
(32, 17, 156, 0),
(33, 18, 257, 0),
(34, 18, 258, 0);

-- --------------------------------------------------------

--
-- Структура таблицы `task_users`
--

CREATE TABLE `task_users` (
  `id` bigint(19) UNSIGNED NOT NULL,
  `task_id` bigint(19) UNSIGNED NOT NULL DEFAULT '0',
  `user_id` bigint(19) UNSIGNED NOT NULL DEFAULT '0'
) ENGINE=InnoDB DEFAULT CHARSET=utf8mb4;

--
-- Дамп данных таблицы `task_users`
--

INSERT INTO `task_users` (`id`, `task_id`, `user_id`) VALUES
(1, 7, 4),
(2, 8, 3),
(3, 8, 4),
(4, 8, 5),
(5, 9, 4),
(6, 10, 3),
(7, 11, 3),
(8, 12, 4),
(9, 12, 5),
(10, 13, 5),
(11, 14, 4),
(12, 15, 4),
(14, 16, 4),
(19, 17, 3),
(20, 18, 4);

-- --------------------------------------------------------

--
-- Структура таблицы `templates`
--

CREATE TABLE `templates` (
  `template_id` bigint(19) UNSIGNED NOT NULL,
  `title` varchar(250) NOT NULL DEFAULT '',
  `hidden` tinyint(1) UNSIGNED NOT NULL DEFAULT '0',
  `created` int(11) UNSIGNED NOT NULL DEFAULT '0'
) ENGINE=InnoDB DEFAULT CHARSET=utf8mb4;

--
-- Дамп данных таблицы `templates`
--

INSERT INTO `templates` (`template_id`, `title`, `hidden`, `created`) VALUES
(1, '', 1, 1553701304),
(2, 'новый шаблон', 1, 1553708100),
(3, 'новый шаблон', 1, 1553708202),
(4, 'новый шаблон', 1, 1553708298),
(5, 'новый шаблон', 1, 1553708442),
(6, 'новый шаблон', 1, 1553708454),
(7, 'новый шаблон', 1, 1553708556),
(8, 'тест', 1, 1553709212),
(9, 'новый шаблон', 1, 1553710143),
(10, 'тестовый шаблон', 1, 1553710180),
(11, 'новый шаблон', 1, 1553710220),
(12, 'апрапр', 1, 1553710237),
(13, 'новый шаблон', 1, 1553710270),
(14, 'новый шаблон', 1, 1553710295),
(15, 'новый шаблон', 1, 1553710430),
(16, 'новый шаблон 1', 1, 1553710562),
(17, 'новый шаблон 2', 1, 1553710591),
(18, 'новый шаблон 3', 1, 1553710626),
(19, 'новый шаблон 4', 1, 1553710691),
(20, 'новый шаблон 5', 1, 1553710723),
(21, 'Типовой ППИ Труба 32', 1, 1553710797),
(22, 'новый шаблон 7', 1, 1553710894),
(23, 'тестовый шаблон', 1, 1553710980),
(24, 'тестовый шаблон 7', 1, 1553711031),
(25, 'Типовой ППИ Отвод ОГ', 1, 1553711054),
(26, 'Типовой ППИ Направление термоизолирующее', 1, 1553757264),
(27, 'тестовый шаблон as', 1, 1553782087),
(28, 'тестовый шаблон 111', 1, 1553782303),
(29, 'Типовой ППИ Переход П', 1, 1554108261),
(30, 'Типовой ППИ Кран шаровой подземный', 1, 1554108484),
(31, 'тест 3', 1, 1554108500),
(32, 'тест 1', 1, 1554111629),
(33, 'Типовой ППИ Труба 38', 1, 1554112132),
(34, 'тестовый шаблон 1', 1, 1554112178),
(35, 'Типовой шаблон', 1, 1555003511),
(36, 'Типовой ППИ Арматура АФ', 1, 1555003620),
(37, 'новый шаблон', 1, 1555003673),
(38, 'тестовый шаблон', 1, 1555003795),
(39, 'типовой ППИ', 1, 1555003843),
(40, 'Типовой ППИ Установка МЕРА', 1, 1555004013),
(41, 'Типовой ППИ Арматура фонтанная и нагнетательная', 0, 1555707111),
(42, 'Типовой ППИ Блок напорной гребенки', 1, 1556962001),
(43, 'Соединительные детали трубопроводов', 1, 1558439974),
(44, 'тест 1', 1, 1558555331),
(45, 'Типовой ППИ Запорная арматура', 1, 1558673654),
(46, 'Меракл', 1, 1558674314),
(47, 'Типовой ППИ Арматура Фонтанная', 1, 1560484665),
(48, 'Типовой ППИ Запорная арматура (ЗРА)', 0, 1560504257),
(49, 'Типовой ППИ Установки МЕРА', 0, 1560763547),
(50, 'Типовой ППИ Соединительные детали трубопроводов (СДТ)', 1, 1560827090),
(51, 'ППИ Корвет фонтанка', 1, 1560840821),
(52, '%253Cscript%253Ealert(\'XSS\')%253C%252Fscript%253E', 1, 1561041369),
(53, '2342', 1, 1561386899),
(54, 'ОЗНА Установки измерительные', 1, 1561605212),
(55, 'ОЗНА Установки измерительные', 1, 1561605304),
(56, 'вв', 1, 1561734633),
(57, '1', 1, 1561742992),
(58, 'Новый шаблон', 1, 1561972509),
(59, 'Соединительные детали  трубопроводов (тройники)', 1, 1562156172),
(60, 'Соединительные детали трубопроводов (тройники)', 1, 1562156224),
(61, 'тестерок', 1, 1563439702),
(62, 'тест4', 1, 1563440313),
(63, 'Типовой ППИ ЗРА, АФК', 1, 1563877746),
(64, 'Базовый шаблон НЕ ТРОГАТЬ!!!', 1, 1564378924),
(65, 'НЕ ТРОГАТЬ', 1, 1565088753),
(66, 'НЕ ТРОГАТЬ', 1, 1565088770),
(67, 'Измерительная установка шаблон от 07.08.2019', 0, 1565153438),
(68, 'НЕ ТРОГАТЬ!!!', 0, 1565153507),
(69, 'тест', 1, 1565179665),
(70, 'Базовый шаблон копия. Не трогать!!!', 0, 1565233744),
(71, 'Базовый шаблон копия. Не трогать!!!', 1, 1565233750),
(72, 'Установка измерительная (Проминком)', 0, 1565500352),
(73, 'Установка измерительная (ГМС Нефтемаш)', 0, 1565857988),
(74, 'Установка измерительная ОЗНА', 1, 1565858091),
(75, 'тест 123', 1, 1566829777),
(76, 'тест 123', 0, 1566829979),
(77, 'тест 1717', 0, 1566830345),
(78, 'тест 1515', 0, 1566908651),
(79, 'тест 1515', 0, 1566909113);

-- --------------------------------------------------------

--
-- Структура таблицы `template_options`
--

CREATE TABLE `template_options` (
  `option_id` bigint(19) UNSIGNED NOT NULL,
  `template_id` bigint(19) UNSIGNED NOT NULL DEFAULT '0',
  `key` varchar(255) NOT NULL DEFAULT '',
  `value` varchar(255) NOT NULL DEFAULT '',
  `hidden` tinyint(1) UNSIGNED NOT NULL DEFAULT '0',
  `created` int(11) UNSIGNED NOT NULL DEFAULT '0'
) ENGINE=InnoDB DEFAULT CHARSET=utf8mb4;

-- --------------------------------------------------------

--
-- Структура таблицы `units`
--

CREATE TABLE `units` (
  `unit_id` int(11) UNSIGNED NOT NULL,
  `title_full` varchar(255) NOT NULL DEFAULT '',
  `title_short` varchar(255) NOT NULL DEFAULT '',
  `hidden` tinyint(1) UNSIGNED NOT NULL DEFAULT '0'
) ENGINE=InnoDB DEFAULT CHARSET=utf8mb4;

--
-- Дамп данных таблицы `units`
--

INSERT INTO `units` (`unit_id`, `title_full`, `title_short`, `hidden`) VALUES
(1, 'грамм', 'гр', 0),
(2, 'килограмм', 'кг', 0),
(3, 'километр', 'км', 0),
(4, 'литр', 'л', 0),
(5, 'лет', 'лет', 0),
(6, 'метр', 'м', 0),
(7, 'квадратный метр', 'м2', 0),
(8, 'кубический метр', 'м3', 0),
(9, 'миллиметр', 'мм', 0),
(10, 'мегапаскаль', 'МПa', 0),
(11, 'град. Цельсия', 'С', 0),
(12, 'сантиметр', 'см', 0),
(13, 'тонна', 'т', 0),
(14, 'штука', 'шт.', 0),
(15, 'процент', '%', 0);

-- --------------------------------------------------------

--
-- Структура таблицы `users`
--

CREATE TABLE `users` (
  `user_id` bigint(19) UNSIGNED NOT NULL,
  `company_id` bigint(19) UNSIGNED NOT NULL DEFAULT '0',
  `company_title` varchar(255) NOT NULL DEFAULT '',
  `access` tinyint(1) NOT NULL DEFAULT '0',
  `first_name` varchar(255) NOT NULL DEFAULT '',
  `last_name` varchar(255) NOT NULL DEFAULT '',
  `middle_name` varchar(255) NOT NULL DEFAULT '',
  `occupation` varchar(255) NOT NULL DEFAULT '',
  `note` text NOT NULL,
  `email` varchar(100) NOT NULL DEFAULT '',
  `phone` bigint(14) UNSIGNED NOT NULL DEFAULT '0',
  `password` varchar(32) NOT NULL DEFAULT '',
  `password_salt` varchar(10) NOT NULL DEFAULT '',
  `password_restore` varchar(40) NOT NULL DEFAULT '',
  `password_restore_attempts` tinyint(2) UNSIGNED NOT NULL DEFAULT '0',
  `password_restore_expires` int(11) UNSIGNED NOT NULL DEFAULT '0',
  `sort_passports` tinyint(1) UNSIGNED NOT NULL DEFAULT '0',
  `sort_products` tinyint(1) UNSIGNED NOT NULL DEFAULT '0',
  `sort_scans` tinyint(1) UNSIGNED NOT NULL DEFAULT '0',
  `sort_users` tinyint(1) UNSIGNED NOT NULL DEFAULT '0',
  `login_attempts` tinyint(2) UNSIGNED NOT NULL DEFAULT '0',
  `count_notifications` int(11) UNSIGNED NOT NULL DEFAULT '0',
  `blocked` tinyint(1) UNSIGNED NOT NULL DEFAULT '0',
  `hidden` tinyint(1) UNSIGNED NOT NULL DEFAULT '0',
  `created` int(11) UNSIGNED NOT NULL DEFAULT '0',
  `last_active` int(11) UNSIGNED NOT NULL DEFAULT '0',
  `last_login` int(11) UNSIGNED NOT NULL DEFAULT '0',
  `updated` int(11) UNSIGNED NOT NULL DEFAULT '0'
) ENGINE=InnoDB DEFAULT CHARSET=utf8mb4;

--
-- Дамп данных таблицы `users`
--

INSERT INTO `users` (`user_id`, `company_id`, `company_title`, `access`, `first_name`, `last_name`, `middle_name`, `occupation`, `note`, `email`, `phone`, `password`, `password_salt`, `password_restore`, `password_restore_attempts`, `password_restore_expires`, `sort_passports`, `sort_products`, `sort_scans`, `sort_users`, `login_attempts`, `count_notifications`, `blocked`, `hidden`, `created`, `last_active`, `last_login`, `updated`) VALUES
(1, 1, 'ООО \"НГ-Софт\"', 1, 'Дмитрий', 'Масленников', 'Сергеевич', 'администратор', '', 'webmediaart@yandex.ru', 79037292175, '85cf78b30a21b1ff290fae884049d8cb', 'c60a4d71b5', '', 0, 0, 0, 0, 0, 0, 0, 0, 0, 0, 1535057118, 0, 1556120314, 0),
(2, 1, 'ООО \"НГ-Софт\"', 1, 'Мария', 'Смирнова', 'Владимировна', 'администратор', '', 'maria.smirnova@gazprom.ru', 0, '5e37249ea4e08ecc3a814d0a5f746685', 'c60a4d71b5', '', 0, 0, 0, 0, 0, 0, 0, 0, 0, 0, 1535057118, 0, 1584699586, 0),
(3, 2, 'ОАО \"Волгограднефтемаш\"', 2, 'Александр', 'Кириллов', 'Владимирович', 'администратор', 'Главный аккаунт', 'kirillov@vnm.ru', 0, '4c4e82a8e580a0c11ed882803b8e17c7', 'c60a4d71b5', '', 0, 0, 0, 0, 0, 0, 0, 0, 0, 0, 1535057118, 1600201835, 1599354193, 0),
(4, 2, 'ОАО \"Волгограднефтемаш\"', 3, 'Игорь', 'Дуров', 'Владимирович', 'маркировщик', 'Паспортная группа', 'pg@vnm.ru', 0, '4c4e82a8e580a0c11ed882803b8e17c7', 'c60a4d71b5', '', 0, 0, 0, 0, 0, 0, 0, 0, 0, 0, 1535057118, 1600087425, 1599742327, 0),
(5, 2, 'ОАО \"Волгограднефтемаш\"', 3, 'Аркадий', 'Павлов', 'Сергеевич', 'маркировщик', 'ОГК', 'ogk@vnm.ru', 0, '4c4e82a8e580a0c11ed882803b8e17c7', 'c60a4d71b5', '', 0, 0, 0, 0, 0, 0, 0, 0, 0, 0, 1535057118, 1599601042, 1599589108, 0),
(6, 4, 'ООО \"НефтеГазКомплект\"', 3, 'Сергей', 'Смородин', 'Валерьевич', 'маркировщик', '', 'info@ngkomplekt.ru', 0, '4c4e82a8e580a0c11ed882803b8e17c7', 'c60a4d71b5', '', 0, 0, 0, 0, 0, 0, 0, 0, 0, 0, 1587387258, 1602010934, 1601981964, 0),
(7, 7, 'ПАО «Газпром нефть»', 3, 'Александр', 'Дюков', 'Валерьевич', 'администратор', '', 'demo@gazprom-neft.ru', 0, '4c4e82a8e580a0c11ed882803b8e17c7', 'c60a4d71b5', '', 0, 0, 0, 0, 0, 0, 0, 0, 0, 0, 1590521218, 0, 1590521653, 0),
(16, 2, 'ОАО \"Волгограднефтемаш\"', 3, 'Петр', 'Разумовский', 'Сергеевич', '', 'БТК выпускного цеха', 'btk@vnm.ru', 0, '4951685cb5377e29deea4448f0537c67', '91c792', '', 0, 0, 0, 0, 0, 0, 0, 0, 0, 0, 1595773787, 1599529291, 1599529267, 0),
(17, 2, 'ОАО \"Волгограднефтемаш\"', 3, 'Александр', 'Смирнов', 'Иванович', '', 'ОТК', 'otk@vnm.ru', 0, '909cb4899a0c34038fa1a5158cfe7096', 'ccecc8', '', 0, 0, 0, 0, 0, 0, 0, 0, 0, 0, 1595773926, 1596017777, 1596017769, 0),
(18, 2, 'ОАО \"Волгограднефтемаш\"', 3, 'Людмила', 'Петрова', 'Александровна', '', 'ЦЗЛ', 'czl@vnm.ru', 0, 'bc5671a57505521f9f703c47840bd711', '6d12573', '', 0, 0, 0, 0, 0, 0, 0, 0, 0, 0, 1595773996, 1599742323, 1599601047, 0),
(19, 2, 'ОАО \"Волгограднефтемаш\"', 3, 'Иван', 'Иванов', 'Иванович', '', '', 'test@testtest.com', 0, 'af4d926b9a52e1eee179b3d10395b4b5', '109580ff1d', '', 0, 0, 0, 0, 0, 0, 0, 0, 0, 1, 1596017382, 0, 0, 0),
(20, 2, 'ОАО \"Волгограднефтемаш\"', 3, 'Иван', 'Иванов', 'Иванович', '', '', 'test3@example.com', 0, 'ad9f4f843d472329b085ace4807cc42f', 'b9cf8', '', 0, 0, 0, 0, 0, 0, 0, 0, 1, 1, 1596019192, 0, 0, 0),
(21, 2, 'ОАО \"Волгограднефтемаш\"', 3, 'Иван', 'Иванов', 'Иванович', 'начальник цеха', 'группа - ПГ и БТК', 'user@test.com', 0, 'cf78d28337f9abec01dbdd579b16ce33', '40fbd5b', '', 0, 0, 0, 0, 0, 0, 0, 0, 0, 0, 1596111930, 0, 0, 0),
(22, 4, 'ООО \"НефтеГазКомплект\"', 4, 'Павлов', 'Олег', 'Витальевич', 'заказчик', '', 'pavlov@ngkomplekt.ru', 0, '4c4e82a8e580a0c11ed882803b8e17c7', 'c60a4d71b5', '', 0, 0, 0, 0, 1, 0, 0, 0, 0, 0, 1598483825, 1602012613, 1602011328, 0);

-- --------------------------------------------------------

--
-- Структура таблицы `user_groups`
--

CREATE TABLE `user_groups` (
  `id` bigint(19) UNSIGNED NOT NULL,
  `user_id` bigint(19) UNSIGNED NOT NULL DEFAULT '0',
  `company_id` bigint(19) UNSIGNED NOT NULL DEFAULT '0',
  `group_id` bigint(19) UNSIGNED NOT NULL DEFAULT '0'
) ENGINE=InnoDB DEFAULT CHARSET=utf8mb4;

--
-- Дамп данных таблицы `user_groups`
--

INSERT INTO `user_groups` (`id`, `user_id`, `company_id`, `group_id`) VALUES
(1, 4, 2, 1),
(2, 5, 2, 2),
(3, 16, 2, 3),
(4, 17, 2, 4),
(5, 18, 2, 5),
(17, 21, 2, 3);

--
-- Индексы сохранённых таблиц
--

--
-- Индексы таблицы `bills`
--
ALTER TABLE `bills`
  ADD PRIMARY KEY (`bill_id`);

--
-- Индексы таблицы `companies`
--
ALTER TABLE `companies`
  ADD PRIMARY KEY (`company_id`),
  ADD KEY `composite_2` (`title_full`(191)),
  ADD KEY `composite_3` (`ogrn`),
  ADD KEY `composite_4` (`inn`);

--
-- Индексы таблицы `contracts`
--
ALTER TABLE `contracts`
  ADD PRIMARY KEY (`contract_id`);

--
-- Индексы таблицы `email_notifications`
--
ALTER TABLE `email_notifications`
  ADD PRIMARY KEY (`id`);

--
-- Индексы таблицы `labels`
--
ALTER TABLE `labels`
  ADD PRIMARY KEY (`label_id`);

--
-- Индексы таблицы `label_options`
--
ALTER TABLE `label_options`
  ADD PRIMARY KEY (`id`);

--
-- Индексы таблицы `notifications`
--
ALTER TABLE `notifications`
  ADD PRIMARY KEY (`id`),
  ADD KEY `user_id` (`user_id`);

--
-- Индексы таблицы `pages`
--
ALTER TABLE `pages`
  ADD PRIMARY KEY (`page_id`);

--
-- Индексы таблицы `passports`
--
ALTER TABLE `passports`
  ADD PRIMARY KEY (`passport_id`);

--
-- Индексы таблицы `passport_annexes`
--
ALTER TABLE `passport_annexes`
  ADD PRIMARY KEY (`annex_id`);

--
-- Индексы таблицы `passport_files`
--
ALTER TABLE `passport_files`
  ADD PRIMARY KEY (`file_id`);

--
-- Индексы таблицы `passport_sections`
--
ALTER TABLE `passport_sections`
  ADD PRIMARY KEY (`section_id`);

--
-- Индексы таблицы `passport_templates`
--
ALTER TABLE `passport_templates`
  ADD PRIMARY KEY (`template_id`);

--
-- Индексы таблицы `passport_template_files`
--
ALTER TABLE `passport_template_files`
  ADD PRIMARY KEY (`id`);

--
-- Индексы таблицы `passport_template_sections`
--
ALTER TABLE `passport_template_sections`
  ADD PRIMARY KEY (`section_id`);

--
-- Индексы таблицы `picks`
--
ALTER TABLE `picks`
  ADD PRIMARY KEY (`pick_id`);

--
-- Индексы таблицы `pick_products`
--
ALTER TABLE `pick_products`
  ADD PRIMARY KEY (`id`);

--
-- Индексы таблицы `products`
--
ALTER TABLE `products`
  ADD PRIMARY KEY (`product_id`),
  ADD KEY `company_id` (`company_id`);

--
-- Индексы таблицы `product_files`
--
ALTER TABLE `product_files`
  ADD PRIMARY KEY (`file_id`);

--
-- Индексы таблицы `product_groups`
--
ALTER TABLE `product_groups`
  ADD PRIMARY KEY (`group_id`);

--
-- Индексы таблицы `product_group_files`
--
ALTER TABLE `product_group_files`
  ADD PRIMARY KEY (`group_file_id`);

--
-- Индексы таблицы `product_options`
--
ALTER TABLE `product_options`
  ADD PRIMARY KEY (`option_id`),
  ADD KEY `product_id` (`product_id`);

--
-- Индексы таблицы `scans`
--
ALTER TABLE `scans`
  ADD PRIMARY KEY (`id`);

--
-- Индексы таблицы `sessions`
--
ALTER TABLE `sessions`
  ADD PRIMARY KEY (`sid`),
  ADD KEY `token` (`token`);

--
-- Индексы таблицы `stats_periods`
--
ALTER TABLE `stats_periods`
  ADD PRIMARY KEY (`id`),
  ADD KEY `company_id` (`company_id`,`period`);

--
-- Индексы таблицы `stats_users`
--
ALTER TABLE `stats_users`
  ADD PRIMARY KEY (`id`),
  ADD KEY `company_id` (`company_id`),
  ADD KEY `user_id` (`user_id`,`period`);

--
-- Индексы таблицы `support_messages`
--
ALTER TABLE `support_messages`
  ADD PRIMARY KEY (`message_id`),
  ADD KEY `ticket_id` (`ticket_id`);

--
-- Индексы таблицы `support_tickets`
--
ALTER TABLE `support_tickets`
  ADD PRIMARY KEY (`ticket_id`);

--
-- Индексы таблицы `tasks`
--
ALTER TABLE `tasks`
  ADD PRIMARY KEY (`task_id`),
  ADD KEY `company_id` (`company_id`);

--
-- Индексы таблицы `task_products`
--
ALTER TABLE `task_products`
  ADD PRIMARY KEY (`id`);

--
-- Индексы таблицы `task_users`
--
ALTER TABLE `task_users`
  ADD PRIMARY KEY (`id`);

--
-- Индексы таблицы `templates`
--
ALTER TABLE `templates`
  ADD PRIMARY KEY (`template_id`);

--
-- Индексы таблицы `template_options`
--
ALTER TABLE `template_options`
  ADD PRIMARY KEY (`option_id`);

--
-- Индексы таблицы `units`
--
ALTER TABLE `units`
  ADD PRIMARY KEY (`unit_id`);

--
-- Индексы таблицы `users`
--
ALTER TABLE `users`
  ADD PRIMARY KEY (`user_id`),
  ADD KEY `created` (`created`),
  ADD KEY `email` (`email`),
  ADD KEY `contractor_id` (`company_id`),
  ADD KEY `password_restore` (`password_restore`);

--
-- Индексы таблицы `user_groups`
--
ALTER TABLE `user_groups`
  ADD PRIMARY KEY (`id`),
  ADD KEY `user_id` (`user_id`);

--
-- AUTO_INCREMENT для сохранённых таблиц
--

--
-- AUTO_INCREMENT для таблицы `bills`
--
ALTER TABLE `bills`
  MODIFY `bill_id` bigint(19) UNSIGNED NOT NULL AUTO_INCREMENT, AUTO_INCREMENT=15;

--
-- AUTO_INCREMENT для таблицы `companies`
--
ALTER TABLE `companies`
  MODIFY `company_id` bigint(19) UNSIGNED NOT NULL AUTO_INCREMENT, AUTO_INCREMENT=6;

--
-- AUTO_INCREMENT для таблицы `contracts`
--
ALTER TABLE `contracts`
  MODIFY `contract_id` bigint(19) UNSIGNED NOT NULL AUTO_INCREMENT, AUTO_INCREMENT=2;

--
-- AUTO_INCREMENT для таблицы `email_notifications`
--
ALTER TABLE `email_notifications`
  MODIFY `id` bigint(19) NOT NULL AUTO_INCREMENT;

--
-- AUTO_INCREMENT для таблицы `labels`
--
ALTER TABLE `labels`
  MODIFY `label_id` bigint(19) UNSIGNED NOT NULL AUTO_INCREMENT, AUTO_INCREMENT=12;

--
-- AUTO_INCREMENT для таблицы `label_options`
--
ALTER TABLE `label_options`
  MODIFY `id` bigint(19) UNSIGNED NOT NULL AUTO_INCREMENT, AUTO_INCREMENT=268;

--
-- AUTO_INCREMENT для таблицы `notifications`
--
ALTER TABLE `notifications`
  MODIFY `id` bigint(19) NOT NULL AUTO_INCREMENT, AUTO_INCREMENT=36;

--
-- AUTO_INCREMENT для таблицы `pages`
--
ALTER TABLE `pages`
  MODIFY `page_id` int(11) UNSIGNED NOT NULL AUTO_INCREMENT, AUTO_INCREMENT=2;

--
-- AUTO_INCREMENT для таблицы `passports`
--
ALTER TABLE `passports`
  MODIFY `passport_id` bigint(19) UNSIGNED NOT NULL AUTO_INCREMENT, AUTO_INCREMENT=50;

--
-- AUTO_INCREMENT для таблицы `passport_annexes`
--
ALTER TABLE `passport_annexes`
  MODIFY `annex_id` bigint(19) UNSIGNED NOT NULL AUTO_INCREMENT, AUTO_INCREMENT=8;

--
-- AUTO_INCREMENT для таблицы `passport_files`
--
ALTER TABLE `passport_files`
  MODIFY `file_id` bigint(19) UNSIGNED NOT NULL AUTO_INCREMENT, AUTO_INCREMENT=183;

--
-- AUTO_INCREMENT для таблицы `passport_sections`
--
ALTER TABLE `passport_sections`
  MODIFY `section_id` bigint(19) UNSIGNED NOT NULL AUTO_INCREMENT, AUTO_INCREMENT=120;

--
-- AUTO_INCREMENT для таблицы `passport_templates`
--
ALTER TABLE `passport_templates`
  MODIFY `template_id` bigint(19) UNSIGNED NOT NULL AUTO_INCREMENT, AUTO_INCREMENT=2;

--
-- AUTO_INCREMENT для таблицы `passport_template_files`
--
ALTER TABLE `passport_template_files`
  MODIFY `id` bigint(19) UNSIGNED NOT NULL AUTO_INCREMENT, AUTO_INCREMENT=29;

--
-- AUTO_INCREMENT для таблицы `passport_template_sections`
--
ALTER TABLE `passport_template_sections`
  MODIFY `section_id` bigint(19) UNSIGNED NOT NULL AUTO_INCREMENT, AUTO_INCREMENT=13;

--
-- AUTO_INCREMENT для таблицы `picks`
--
ALTER TABLE `picks`
  MODIFY `pick_id` bigint(19) UNSIGNED NOT NULL AUTO_INCREMENT, AUTO_INCREMENT=131;

--
-- AUTO_INCREMENT для таблицы `pick_products`
--
ALTER TABLE `pick_products`
  MODIFY `id` bigint(19) UNSIGNED NOT NULL AUTO_INCREMENT, AUTO_INCREMENT=261;

--
-- AUTO_INCREMENT для таблицы `products`
--
ALTER TABLE `products`
  MODIFY `product_id` bigint(19) UNSIGNED NOT NULL AUTO_INCREMENT, AUTO_INCREMENT=510;

--
-- AUTO_INCREMENT для таблицы `product_files`
--
ALTER TABLE `product_files`
  MODIFY `file_id` bigint(19) UNSIGNED NOT NULL AUTO_INCREMENT, AUTO_INCREMENT=139;

--
-- AUTO_INCREMENT для таблицы `product_groups`
--
ALTER TABLE `product_groups`
  MODIFY `group_id` bigint(19) UNSIGNED NOT NULL AUTO_INCREMENT, AUTO_INCREMENT=61;

--
-- AUTO_INCREMENT для таблицы `product_group_files`
--
ALTER TABLE `product_group_files`
  MODIFY `group_file_id` bigint(19) UNSIGNED NOT NULL AUTO_INCREMENT, AUTO_INCREMENT=15;

--
-- AUTO_INCREMENT для таблицы `product_options`
--
ALTER TABLE `product_options`
  MODIFY `option_id` bigint(19) UNSIGNED NOT NULL AUTO_INCREMENT, AUTO_INCREMENT=213;

--
-- AUTO_INCREMENT для таблицы `scans`
--
ALTER TABLE `scans`
  MODIFY `id` bigint(19) UNSIGNED NOT NULL AUTO_INCREMENT, AUTO_INCREMENT=7;

--
-- AUTO_INCREMENT для таблицы `sessions`
--
ALTER TABLE `sessions`
  MODIFY `sid` bigint(19) UNSIGNED NOT NULL AUTO_INCREMENT, AUTO_INCREMENT=590;

--
-- AUTO_INCREMENT для таблицы `stats_periods`
--
ALTER TABLE `stats_periods`
  MODIFY `id` bigint(19) UNSIGNED NOT NULL AUTO_INCREMENT, AUTO_INCREMENT=58;

--
-- AUTO_INCREMENT для таблицы `stats_users`
--
ALTER TABLE `stats_users`
  MODIFY `id` bigint(19) UNSIGNED NOT NULL AUTO_INCREMENT, AUTO_INCREMENT=50;

--
-- AUTO_INCREMENT для таблицы `support_messages`
--
ALTER TABLE `support_messages`
  MODIFY `message_id` bigint(19) NOT NULL AUTO_INCREMENT, AUTO_INCREMENT=15;

--
-- AUTO_INCREMENT для таблицы `support_tickets`
--
ALTER TABLE `support_tickets`
  MODIFY `ticket_id` bigint(19) NOT NULL AUTO_INCREMENT, AUTO_INCREMENT=11;

--
-- AUTO_INCREMENT для таблицы `tasks`
--
ALTER TABLE `tasks`
  MODIFY `task_id` bigint(19) UNSIGNED NOT NULL AUTO_INCREMENT, AUTO_INCREMENT=19;

--
-- AUTO_INCREMENT для таблицы `task_products`
--
ALTER TABLE `task_products`
  MODIFY `id` bigint(19) UNSIGNED NOT NULL AUTO_INCREMENT, AUTO_INCREMENT=35;

--
-- AUTO_INCREMENT для таблицы `task_users`
--
ALTER TABLE `task_users`
  MODIFY `id` bigint(19) UNSIGNED NOT NULL AUTO_INCREMENT, AUTO_INCREMENT=21;

--
-- AUTO_INCREMENT для таблицы `templates`
--
ALTER TABLE `templates`
  MODIFY `template_id` bigint(19) UNSIGNED NOT NULL AUTO_INCREMENT, AUTO_INCREMENT=80;

--
-- AUTO_INCREMENT для таблицы `template_options`
--
ALTER TABLE `template_options`
  MODIFY `option_id` bigint(19) UNSIGNED NOT NULL AUTO_INCREMENT;

--
-- AUTO_INCREMENT для таблицы `units`
--
ALTER TABLE `units`
  MODIFY `unit_id` int(11) UNSIGNED NOT NULL AUTO_INCREMENT, AUTO_INCREMENT=16;

--
-- AUTO_INCREMENT для таблицы `users`
--
ALTER TABLE `users`
  MODIFY `user_id` bigint(19) UNSIGNED NOT NULL AUTO_INCREMENT, AUTO_INCREMENT=23;

--
-- AUTO_INCREMENT для таблицы `user_groups`
--
ALTER TABLE `user_groups`
  MODIFY `id` bigint(19) UNSIGNED NOT NULL AUTO_INCREMENT, AUTO_INCREMENT=18;
COMMIT;

/*!40101 SET CHARACTER_SET_CLIENT=@OLD_CHARACTER_SET_CLIENT */;
/*!40101 SET CHARACTER_SET_RESULTS=@OLD_CHARACTER_SET_RESULTS */;
/*!40101 SET COLLATION_CONNECTION=@OLD_COLLATION_CONNECTION */;
